forecast_date,ticker,model_type,horizon_days,post_processed,price_at_forecast,target_date_est,q10,q25,q50,q75,q90,status,outcome_date,price_at_outcome,actual_return_pct,forecast_return_pct,abs_pct_error_q50,naive_abs_pct_error,in_80_interval,in_50_interval,direction_correct,source
2026-07-17,AAPL,Credit-Regime,252,False,333.74,2027-07-04,407.369,444.5645,509.9211,527.2018,584.7685,PENDING,,,,,,,,,,git:56527d30
2026-07-17,DIA,Climatology,126,False,520.81,2027-01-09,472.7933,512.1245,538.6424,555.6659,580.0552,PENDING,,,,,,,,,,git:56527d30
2026-07-17,EURUSD=X,Credit-Regime,189,False,1.1445,2027-04-07,1.0633,1.0809,1.1262,1.1157,1.124,PENDING,,,,,,,,,,git:56527d30
2026-07-17,GLD,VIX-Regime,189,True,368.41,2027-04-07,362.255,429.5948,449.9904,497.0017,510.2927,PENDING,,,,,,,,,,git:56527d30
2026-07-17,IWM,Climatology,21,False,294.04,2026-08-15,276.9261,289.6308,302.1205,307.6185,316.6502,RESOLVED,2026-08-17,303.2679,3.138,2.748,0.378,3.043,True,True,True,git:56527d30
2026-07-17,IYR,Climatology,189,False,106.09,2027-04-07,94.2979,108.8033,122.1411,129.0109,135.7223,PENDING,,,,,,,,,,git:56527d30
2026-07-17,JPM,Credit-Regime,252,True,341.1,2027-07-04,172.1577,197.8283,253.2567,279.105,388.4136,PENDING,,,,,,,,,,git:56527d30
2026-07-17,MSFT,Climatology,189,False,393.82,2027-04-07,339.7603,430.2332,467.9163,533.0623,664.3132,PENDING,,,,,,,,,,git:56527d30
2026-07-17,QQQ,Climatology,21,False,695.33,2026-08-15,617.449,689.0088,708.7929,719.1345,738.3676,RESOLVED,2026-08-17,729.1102,4.858,1.936,2.787,4.633,True,False,True,git:56527d30
2026-07-17,SPY,Climatology,189,False,743.29,2027-04-07,664.7918,778.474,817.842,901.7707,1012.8863,PENDING,,,,,,,,,,git:56527d30
2026-07-17,VOX,Climatology,252,False,188.08,2027-07-04,154.1811,185.2362,213.3421,235.0128,252.908,PENDING,,,,,,,,,,git:56527d30
2026-07-17,VTI,Climatology,189,False,367.01,2027-04-07,335.9698,379.3282,403.8249,446.0543,518.4109,PENDING,,,,,,,,,,git:56527d30
2026-07-17,XLB,Climatology,126,False,50.53,2027-01-09,50.1794,50.5299,52.3985,54.6448,55.8196,PENDING,,,,,,,,,,git:56527d30
2026-07-17,XLE,Credit-Regime,252,False,57.68,2027-07-04,49.2119,51.2008,46.2575,51.7611,54.7382,PENDING,,,,,,,,,,git:56527d30
2026-07-17,XLF,Climatology,189,False,56.26,2027-04-07,47.2583,55.7964,64.5774,70.9342,77.0972,PENDING,,,,,,,,,,git:56527d30
2026-07-17,XLI,Credit-Regime,5,False,179.41,2026-07-24,175.6839,176.783,178.5663,181.6057,183.8475,RESOLVED,2026-07-24,182.1704,1.539,-0.47,1.978,1.515,True,False,False,git:56527d30
2026-07-17,XLK,Climatology,189,False,175.59,2027-04-07,137.2436,177.7652,196.9652,234.7174,258.568,PENDING,,,,,,,,,,git:56527d30
2026-07-17,XLP,Credit-Regime,252,False,85.19,2027-07-04,90.0608,89.6214,89.8188,92.5188,98.4589,PENDING,,,,,,,,,,git:56527d30
2026-07-17,XLU,VIX-Regime,126,False,45.17,2027-01-09,48.0561,49.1054,50.2466,51.1714,51.7914,PENDING,,,,,,,,,,git:56527d30
2026-07-17,XLV,Credit-Regime,1,False,161.09,2026-07-18,159.1243,159.8083,161.0529,161.8484,163.4951,RESOLVED,2026-07-20,158.6429,-1.519,-0.023,1.519,1.543,False,False,True,git:56527d30
2026-07-17,XLY,Climatology,252,False,115.44,2027-07-04,97.7051,117.8146,130.0944,141.0617,152.4281,PENDING,,,,,,,,,,git:56527d30
2026-07-17,XOM,Credit-Regime,63,False,147.36,2026-10-13,133.8959,137.8101,140.0057,144.6243,149.3365,PENDING,,,,,,,,,,git:56527d30
2026-07-20,AAPL,Credit-Regime,252,False,326.59,2027-07-07,411.6076,450.2986,473.6942,510.7638,585.0793,PENDING,,,,,,,,,,git:80101e56
2026-07-20,DIA,Climatology,126,False,517.94,2027-01-12,506.0328,511.7546,532.3983,569.5638,584.1705,PENDING,,,,,,,,,,git:80101e56
2026-07-20,EURUSD=X,Credit-Regime,189,False,1.1428,2027-04-10,1.0536,1.0741,1.1124,1.1207,1.1254,PENDING,,,,,,,,,,git:80101e56
2026-07-20,GLD,VIX-Regime,189,True,367.6,2027-04-10,409.0646,429.3606,445.6048,464.0274,497.4093,PENDING,,,,,,,,,,git:80101e56
2026-07-20,IWM,Climatology,21,False,292.31,2026-08-18,279.0823,288.5819,299.3248,308.5341,311.3166,RESOLVED,2026-08-18,299.4479,2.442,2.4,0.041,2.384,True,True,True,git:80101e56
2026-07-20,IYR,Climatology,189,False,105.55,2027-04-10,84.6175,100.1368,113.1148,118.0453,129.977,PENDING,,,,,,,,,,git:80101e56
2026-07-20,JPM,Credit-Regime,252,True,338.87,2027-07-07,173.2009,182.24,253.6448,388.6514,405.7083,PENDING,,,,,,,,,,git:80101e56
2026-07-20,MSFT,Climatology,189,False,402.29,2027-04-10,371.9072,454.8237,486.2035,538.3457,678.5178,PENDING,,,,,,,,,,git:80101e56
2026-07-20,QQQ,Climatology,21,False,696.06,2026-08-18,660.9857,687.8441,715.4921,731.7995,757.687,RESOLVED,2026-08-18,716.7631,2.974,2.792,0.177,2.888,True,True,True,git:80101e56
2026-07-20,SPY,Climatology,189,False,742.09,2027-04-10,639.9435,730.3501,842.9996,882.342,948.9923,PENDING,,,,,,,,,,git:80101e56
2026-07-20,VOX,Climatology,252,False,188.47,2027-07-07,163.9514,183.9526,210.524,239.5856,257.6504,PENDING,,,,,,,,,,git:80101e56
2026-07-20,VTI,Climatology,189,False,366.25,2027-04-10,312.4173,356.2302,410.7168,430.9446,466.7881,PENDING,,,,,,,,,,git:80101e56
2026-07-20,XLB,Climatology,126,False,50.03,2027-01-12,44.8499,48.8366,50.8782,55.8218,58.9846,PENDING,,,,,,,,,,git:80101e56
2026-07-20,XLE,Credit-Regime,252,False,57.94,2027-07-07,49.126,49.8335,50.3846,51.4073,53.5485,PENDING,,,,,,,,,,git:80101e56
2026-07-20,XLF,Climatology,189,False,56.04,2027-04-10,45.4058,51.89,64.8533,66.9079,68.5716,PENDING,,,,,,,,,,git:80101e56
2026-07-20,XLI,Credit-Regime,5,False,178.12,2026-07-27,172.6516,175.8277,176.7859,178.825,183.1546,RESOLVED,2026-07-27,182.7089,2.576,-0.749,3.242,2.512,True,False,False,git:80101e56
2026-07-20,XLK,Climatology,189,False,175.71,2027-04-10,132.2864,170.2829,188.9451,219.7189,238.1621,PENDING,,,,,,,,,,git:80101e56
2026-07-20,XLP,Credit-Regime,252,False,84.86,2027-07-07,90.2734,90.4029,90.7386,92.4154,97.6241,PENDING,,,,,,,,,,git:80101e56
2026-07-20,XLU,VIX-Regime,126,False,44.94,2027-01-12,47.7019,49.181,50.293,50.6571,51.4433,PENDING,,,,,,,,,,git:80101e56
2026-07-20,XLV,Credit-Regime,1,False,159.25,2026-07-21,157.2844,157.9197,159.3402,160.1709,161.6992,RESOLVED,2026-07-21,159.639,0.244,0.057,0.187,0.244,True,True,True,git:80101e56
2026-07-20,XLY,Climatology,252,False,114.61,2027-07-07,99.1732,116.7908,128.5773,136.2634,159.3532,PENDING,,,,,,,,,,git:80101e56
2026-07-20,XOM,Credit-Regime,63,False,148.36,2026-10-16,136.0752,139.3297,140.5922,142.3151,148.7364,PENDING,,,,,,,,,,git:80101e56
2026-07-21,AAPL,Credit-Regime,252,False,327.74,2027-07-08,430.2722,458.944,500.6819,513.8832,580.5483,PENDING,,,,,,,,,,git:805fb324
2026-07-21,DIA,Climatology,126,False,521.51,2027-01-13,489.7374,515.8929,541.0247,559.4425,593.642,PENDING,,,,,,,,,,git:805fb324
2026-07-21,EURUSD=X,Credit-Regime,189,False,1.1418,2027-04-11,1.0299,1.0525,1.0959,1.1135,1.1328,PENDING,,,,,,,,,,git:805fb324
2026-07-21,GLD,VIX-Regime,189,True,374.81,2027-04-11,385.7388,411.8681,462.6469,472.8404,475.9618,PENDING,,,,,,,,,,git:805fb324
2026-07-21,IWM,Climatology,21,False,296.54,2026-08-19,285.3885,292.7056,303.1401,315.2342,322.9045,RESOLVED,2026-08-19,300.934,1.482,2.226,0.733,1.46,True,True,True,git:805fb324
2026-07-21,IYR,Climatology,189,False,105.52,2027-04-11,86.4556,101.0873,113.9752,118.5253,131.7589,PENDING,,,,,,,,,,git:805fb324
2026-07-21,JPM,Credit-Regime,252,True,345.23,2027-07-08,177.8091,190.1248,269.1302,383.4803,421.639,PENDING,,,,,,,,,,git:805fb324
2026-07-21,MSFT,Climatology,189,False,397.75,2027-04-11,353.4026,431.7485,467.9846,538.8923,655.0415,PENDING,,,,,,,,,,git:805fb324
2026-07-21,QQQ,Climatology,21,False,708.97,2026-08-19,633.5075,689.8639,720.3193,753.952,776.4862,RESOLVED,2026-08-19,715.3346,0.898,1.601,0.697,0.89,True,True,True,git:805fb324
2026-07-21,SPY,Climatology,189,False,748.28,2027-04-11,668.2015,741.123,841.4688,881.5952,939.2485,PENDING,,,,,,,,,,git:805fb324
2026-07-21,VOX,Climatology,252,False,187.64,2027-07-08,158.153,183.4736,212.5035,227.2483,244.484,PENDING,,,,,,,,,,git:805fb324
2026-07-21,VTI,Climatology,189,False,369.45,2027-04-11,328.6475,363.1168,415.7981,431.6234,451.4316,PENDING,,,,,,,,,,git:805fb324
2026-07-21,XLB,Climatology,126,False,50.1,2027-01-13,44.4493,49.7646,50.9896,54.4212,59.1154,PENDING,,,,,,,,,,git:805fb324
2026-07-21,XLE,Credit-Regime,252,False,58.5,2027-07-08,49.5567,51.058,51.71,51.819,54.0492,PENDING,,,,,,,,,,git:805fb324
2026-07-21,XLF,Climatology,189,False,56.11,2027-04-11,46.9731,53.2759,65.256,66.5505,70.42,PENDING,,,,,,,,,,git:805fb324
2026-07-21,XLI,Credit-Regime,5,False,178.66,2026-07-28,175.0042,176.1424,177.0388,177.9506,183.6882,RESOLVED,2026-07-28,182.0009,1.87,-0.907,2.726,1.836,True,False,False,git:805fb324
2026-07-21,XLK,Climatology,189,False,180.78,2027-04-11,150.1791,175.0787,197.9224,215.6469,238.1533,PENDING,,,,,,,,,,git:805fb324
2026-07-21,XLP,Credit-Regime,252,False,84.06,2027-07-08,89.2015,89.3041,90.1601,90.6379,96.5563,PENDING,,,,,,,,,,git:805fb324
2026-07-21,XLU,VIX-Regime,126,False,44.92,2027-01-13,46.8117,47.5213,48.946,50.149,51.3636,PENDING,,,,,,,,,,git:805fb324
2026-07-21,XLV,Credit-Regime,1,False,160.25,2026-07-22,157.9482,158.8693,159.9693,160.8837,162.4392,RESOLVED,2026-07-22,158.8222,-0.891,-0.175,0.722,0.899,True,False,True,git:805fb324
2026-07-21,XLY,Climatology,252,False,114.87,2027-07-08,100.6887,120.3565,124.8569,134.5915,158.7856,PENDING,,,,,,,,,,git:805fb324
2026-07-21,XOM,Credit-Regime,63,False,151.71,2026-10-17,138.044,143.4022,144.0532,147.6564,154.0344,PENDING,,,,,,,,,,git:805fb324
2026-07-22,AAPL,Credit-Regime,252,False,325.89,2027-07-09,387.4721,412.7608,466.0681,521.727,562.0785,PENDING,,,,,,,,,,git:b14d9555
2026-07-22,DIA,Climatology,126,False,521.47,2027-01-14,465.0641,496.0935,549.3884,569.7098,603.3519,PENDING,,,,,,,,,,git:b14d9555
2026-07-22,EURUSD=X,Credit-Regime,189,False,1.1404,2027-04-12,1.0421,1.0736,1.1097,1.1175,1.1195,PENDING,,,,,,,,,,git:b14d9555
2026-07-22,GLD,VIX-Regime,189,True,379.12,2027-04-12,434.5103,434.5647,449.1692,483.107,496.0263,PENDING,,,,,,,,,,git:b14d9555
2026-07-22,IWM,Climatology,21,False,293.79,2026-08-20,276.0808,292.4808,306.1586,309.3564,318.046,RESOLVED,2026-08-20,296.8946,1.057,4.21,3.12,1.046,True,True,True,git:b14d9555
2026-07-22,IYR,Climatology,189,False,104.95,2027-04-12,93.2526,105.3289,114.1863,117.4056,129.9837,PENDING,,,,,,,,,,git:b14d9555
2026-07-22,JPM,Credit-Regime,252,True,348.21,2027-07-09,185.6997,199.4082,270.6251,303.5114,445.5842,PENDING,,,,,,,,,,git:b14d9555
2026-07-22,MSFT,Climatology,189,False,390.34,2027-04-12,358.5958,389.3837,456.4355,511.1914,589.6345,PENDING,,,,,,,,,,git:b14d9555
2026-07-22,QQQ,Climatology,21,False,705.35,2026-08-20,635.0765,700.4549,725.7622,750.3344,756.8479,RESOLVED,2026-08-20,710.1899,0.686,2.894,2.193,0.681,True,True,True,git:b14d9555
2026-07-22,SPY,Climatology,189,False,747.41,2027-04-12,696.4617,745.1314,805.8303,857.7384,891.2591,PENDING,,,,,,,,,,git:b14d9555
2026-07-22,VOX,Climatology,252,False,185.33,2027-07-09,141.6754,181.589,210.8658,226.0097,244.0745,PENDING,,,,,,,,,,git:b14d9555
2026-07-22,VTI,Climatology,189,False,368.87,2027-04-12,351.5524,365.1612,410.6,419.0017,437.0811,PENDING,,,,,,,,,,git:b14d9555
2026-07-22,XLB,Climatology,126,False,50.82,2027-01-14,44.6347,50.8279,51.9268,54.7734,61.8123,PENDING,,,,,,,,,,git:b14d9555
2026-07-22,XLE,Credit-Regime,252,False,59.2,2027-07-09,49.1332,51.5636,52.8377,54.5183,54.6178,PENDING,,,,,,,,,,git:b14d9555
2026-07-22,XLF,Climatology,189,False,56.05,2027-04-12,48.461,53.5357,63.6602,66.2579,68.5646,PENDING,,,,,,,,,,git:b14d9555
2026-07-22,XLI,Credit-Regime,5,False,178.85,2026-07-29,173.5778,176.316,177.5524,178.3816,183.9917,RESOLVED,2026-07-29,176.1865,-1.489,-0.726,0.775,1.512,True,False,True,git:b14d9555
2026-07-22,XLK,Climatology,189,False,180.27,2027-04-12,158.9419,177.4851,198.5629,212.874,230.9616,PENDING,,,,,,,,,,git:b14d9555
2026-07-22,XLP,Credit-Regime,252,False,84.38,2027-07-09,88.7314,89.4502,89.7889,91.9578,97.2538,PENDING,,,,,,,,,,git:b14d9555
2026-07-22,XLU,VIX-Regime,126,False,45.93,2027-01-14,47.6922,49.0712,50.6444,51.2349,52.4327,PENDING,,,,,,,,,,git:b14d9555
2026-07-22,XLV,Credit-Regime,1,False,159.43,2026-07-23,157.2259,158.4199,159.2601,160.1343,161.7246,RESOLVED,2026-07-23,160.8245,0.875,-0.107,0.973,0.867,True,False,False,git:b14d9555
2026-07-22,XLY,Climatology,252,False,114.02,2027-07-09,91.9363,113.3128,125.154,133.9321,158.3298,PENDING,,,,,,,,,,git:b14d9555
2026-07-22,XOM,Credit-Regime,63,False,154.45,2026-10-18,139.9194,144.7489,147.9823,151.0915,157.2906,PENDING,,,,,,,,,,git:b14d9555
2026-07-23,AAPL,Credit-Regime,252,False,321.66,2027-07-10,377.1597,379.4384,434.2703,487.0004,550.1343,PENDING,,,,,,,,,,git:9e839557
2026-07-23,DIA,Climatology,126,False,516.26,2027-01-15,474.2644,499.7025,541.5651,578.314,601.5978,PENDING,,,,,,,,,,git:9e839557
2026-07-23,EURUSD=X,Credit-Regime,189,False,1.1412,2027-04-13,1.0245,1.0718,1.1078,1.118,1.1184,PENDING,,,,,,,,,,git:9e839557
2026-07-23,GLD,VIX-Regime,189,True,371.52,2027-04-13,441.6726,442.4589,466.1625,474.2437,487.1863,PENDING,,,,,,,,,,git:9e839557
2026-07-23,IWM,Climatology,21,False,292.09,2026-08-21,277.9019,286.8906,299.885,305.2116,311.7395,RESOLVED,2026-08-21,299.1786,2.427,2.669,0.236,2.369,True,True,True,git:9e839557
2026-07-23,IYR,Climatology,189,False,104.71,2027-04-13,94.6723,105.8286,114.3064,125.055,133.9366,PENDING,,,,,,,,,,git:9e839557
2026-07-23,JPM,Credit-Regime,252,True,349.9,2027-07-10,184.4393,192.7533,270.4825,364.4085,387.8366,PENDING,,,,,,,,,,git:9e839557
2026-07-23,MSFT,Climatology,189,False,381.58,2027-04-13,347.8381,420.6355,449.6522,500.8094,574.5168,PENDING,,,,,,,,,,git:9e839557
2026-07-23,QQQ,Climatology,21,False,691.96,2026-08-21,599.5481,688.74,705.1591,722.9822,733.8108,RESOLVED,2026-08-21,712.6974,2.997,1.907,1.058,2.91,True,True,True,git:9e839557
2026-07-23,SPY,Climatology,189,False,738.18,2027-04-13,692.3873,749.4318,804.6951,848.3263,894.6144,PENDING,,,,,,,,,,git:9e839557
2026-07-23,VOX,Climatology,252,False,178.8,2027-07-10,155.275,182.6499,202.9695,219.2106,244.2466,PENDING,,,,,,,,,,git:9e839557
2026-07-23,VTI,Climatology,189,False,364.69,2027-04-13,342.8943,360.6904,401.9704,417.5114,470.6178,PENDING,,,,,,,,,,git:9e839557
2026-07-23,XLB,Climatology,126,False,50.29,2027-01-15,50.4738,51.1025,51.9919,55.4052,60.1449,PENDING,,,,,,,,,,git:9e839557
2026-07-23,XLE,Credit-Regime,252,False,59.38,2027-07-10,50.3799,51.2757,51.9035,54.0621,55.3989,PENDING,,,,,,,,,,git:9e839557
2026-07-23,XLF,Climatology,189,False,55.83,2027-04-13,48.1353,52.3592,64.5903,66.2039,73.7737,PENDING,,,,,,,,,,git:9e839557
2026-07-23,XLI,Credit-Regime,5,False,181.94,2026-07-30,177.1522,179.9513,180.8267,183.1058,186.5841,RESOLVED,2026-07-30,177.9118,-2.214,-0.612,1.638,2.264,True,False,True,git:9e839557
2026-07-23,XLK,Climatology,189,False,178.45,2027-04-13,166.6135,178.7104,196.0051,224.7616,248.3396,PENDING,,,,,,,,,,git:9e839557
2026-07-23,XLP,Credit-Regime,252,False,83.21,2027-07-10,87.3972,87.5938,87.6796,91.0014,95.9176,PENDING,,,,,,,,,,git:9e839557
2026-07-23,XLU,VIX-Regime,126,False,46.19,2027-01-15,48.891,50.0227,51.2929,51.8337,53.1266,PENDING,,,,,,,,,,git:9e839557
2026-07-23,XLV,Credit-Regime,1,False,161.44,2026-07-24,159.3272,160.6329,161.1182,162.4604,163.539,RESOLVED,2026-07-24,161.9502,0.316,-0.199,0.514,0.315,True,True,False,git:9e839557
2026-07-23,XLY,Climatology,252,False,108.76,2027-07-10,97.7544,115.0028,122.7578,129.6207,151.1579,PENDING,,,,,,,,,,git:9e839557
2026-07-23,XOM,Credit-Regime,63,False,156.89,2026-10-19,144.9888,149.6465,149.8162,151.1611,158.7984,PENDING,,,,,,,,,,git:9e839557
2026-07-24,AAPL,Credit-Regime,252,False,333.02,2027-07-11,399.4783,412.3557,459.7492,527.0086,570.3472,PENDING,,,,,,,,,,git:b891a62d
2026-07-24,DIA,Climatology,126,False,518.76,2027-01-16,479.3859,508.5839,544.2339,566.7805,586.4236,PENDING,,,,,,,,,,git:b891a62d
2026-07-24,EURUSD=X,Credit-Regime,189,False,1.1375,2027-04-14,1.0492,1.0619,1.1016,1.1031,1.1117,PENDING,,,,,,,,,,git:b891a62d
2026-07-24,GLD,VIX-Regime,189,True,371.9,2027-04-14,372.6156,438.9891,461.4501,466.3956,510.0787,PENDING,,,,,,,,,,git:b891a62d
2026-07-24,IWM,Climatology,21,False,291.17,2026-08-22,266.4558,281.1388,294.4244,301.4654,306.9818,RESOLVED,2026-08-24,297.1938,2.069,1.118,0.932,2.027,True,True,True,git:b891a62d
2026-07-24,IYR,Climatology,189,False,107.0,2027-04-14,95.4279,109.0255,116.343,131.4081,138.2593,PENDING,,,,,,,,,,git:b891a62d
2026-07-24,JPM,Credit-Regime,252,True,353.21,2027-07-11,191.9952,210.3924,280.9762,375.2895,397.9837,PENDING,,,,,,,,,,git:b891a62d
2026-07-24,MSFT,Climatology,189,False,381.7,2027-04-14,341.7834,421.9314,457.5548,504.0213,608.2902,PENDING,,,,,,,,,,git:b891a62d
2026-07-24,QQQ,Climatology,21,False,684.23,2026-08-22,581.3092,662.9769,693.0014,711.704,723.8401,RESOLVED,2026-08-24,705.5848,3.121,1.282,1.783,3.027,True,True,True,git:b891a62d
2026-07-24,SPY,Climatology,189,False,738.93,2027-04-14,694.0909,784.7323,817.7823,860.494,954.4633,PENDING,,,,,,,,,,git:b891a62d
2026-07-24,VOX,Climatology,252,False,179.81,2027-07-11,156.0113,178.6788,201.5749,211.2681,229.561,PENDING,,,,,,,,,,git:b891a62d
2026-07-24,VTI,Climatology,189,False,364.8,2027-04-14,334.9042,374.9471,408.2766,449.194,495.8778,PENDING,,,,,,,,,,git:b891a62d
2026-07-24,XLB,Climatology,126,False,51.26,2027-01-16,51.4829,52.4735,53.4623,56.4461,60.3969,PENDING,,,,,,,,,,git:b891a62d
2026-07-24,XLE,Credit-Regime,252,False,59.62,2027-07-11,51.3493,52.0007,52.2032,53.2399,56.538,PENDING,,,,,,,,,,git:b891a62d
2026-07-24,XLF,Climatology,189,False,56.31,2027-04-14,48.4451,54.0637,64.8417,71.5638,75.3637,PENDING,,,,,,,,,,git:b891a62d
2026-07-24,XLI,Credit-Regime,5,False,182.66,2026-07-31,178.2767,180.1194,181.5804,183.9843,187.4203,RESOLVED,2026-07-31,179.358,-1.808,-0.591,1.239,1.841,True,False,True,git:b891a62d
2026-07-24,XLK,Climatology,189,False,175.88,2027-04-14,143.2078,177.9719,204.4156,244.101,256.0567,PENDING,,,,,,,,,,git:b891a62d
2026-07-24,XLP,Credit-Regime,252,False,84.13,2027-07-11,88.4352,88.8059,89.5882,91.5029,97.0794,PENDING,,,,,,,,,,git:b891a62d
2026-07-24,XLU,VIX-Regime,126,False,46.29,2027-01-16,49.4181,50.0342,50.9652,52.2515,53.0011,PENDING,,,,,,,,,,git:b891a62d
2026-07-24,XLV,Credit-Regime,1,False,162.57,2026-07-25,160.7413,161.6832,162.5141,163.6816,164.5892,RESOLVED,2026-07-27,162.777,0.127,-0.034,0.162,0.127,True,True,False,git:b891a62d
2026-07-24,XLY,Climatology,252,False,109.41,2027-07-11,98.3347,113.3421,121.9133,128.3742,134.599,PENDING,,,,,,,,,,git:b891a62d
2026-07-24,XOM,Credit-Regime,63,False,156.94,2026-10-20,140.6058,149.996,150.0854,154.0845,161.091,PENDING,,,,,,,,,,git:b891a62d
2026-07-27,AAPL,Credit-Regime,252,False,336.91,2027-07-14,389.0092,406.2389,472.6221,527.3971,563.9947,PENDING,,,,,,,,,,git:9748b5be
2026-07-27,DIA,Climatology,126,False,521.26,2027-01-19,494.9062,521.2864,550.5081,578.5309,598.9791,PENDING,,,,,,,,,,git:9748b5be
2026-07-27,EURUSD=X,Credit-Regime,189,False,1.1395,2027-04-17,1.0343,1.0596,1.1057,1.1061,1.1268,PENDING,,,,,,,,,,git:9748b5be
2026-07-27,IWM,Climatology,21,False,292.91,2026-08-25,276.4361,284.7733,294.237,304.7522,307.4452,RESOLVED,2026-08-25,298.4505,1.892,0.453,1.412,1.856,True,True,True,git:9748b5be
2026-07-27,IYR,Climatology,189,False,106.64,2027-04-17,90.9533,101.2693,115.8381,124.4952,138.3115,PENDING,,,,,,,,,,git:9748b5be
2026-07-27,JPM,Credit-Regime,252,True,356.2,2027-07-14,185.9378,204.459,271.5835,286.2166,407.3832,PENDING,,,,,,,,,,git:9748b5be
2026-07-27,MSFT,Climatology,189,False,389.1,2027-04-17,369.1968,420.7588,483.4462,535.0088,641.6625,PENDING,,,,,,,,,,git:9748b5be
2026-07-27,QQQ,Climatology,21,False,682.12,2026-08-25,617.7457,665.5234,687.0557,712.6553,724.0962,RESOLVED,2026-08-25,709.9802,4.084,0.724,3.229,3.924,True,True,True,git:9748b5be
2026-07-27,SPY,Climatology,189,False,739.09,2027-04-17,683.2121,715.3935,852.8357,895.0629,958.5346,PENDING,,,,,,,,,,git:9748b5be
2026-07-27,VOX,Climatology,252,False,182.17,2027-07-14,156.8388,181.2855,210.1396,228.7269,254.0334,PENDING,,,,,,,,,,git:9748b5be
2026-07-27,VTI,Climatology,189,False,365.18,2027-04-17,317.0794,356.3943,420.9513,446.9988,486.33,PENDING,,,,,,,,,,git:9748b5be
2026-07-27,XLB,Climatology,126,False,51.39,2027-01-19,45.6241,49.6565,53.7423,57.5309,61.8752,PENDING,,,,,,,,,,git:9748b5be
2026-07-27,XLE,Credit-Regime,252,False,58.36,2027-07-14,49.7737,50.4484,50.6027,51.4813,55.4956,PENDING,,,,,,,,,,git:9748b5be
2026-07-27,XLF,Climatology,189,False,56.88,2027-04-17,47.828,55.0488,65.1678,72.4518,73.921,PENDING,,,,,,,,,,git:9748b5be
2026-07-27,XLI,Credit-Regime,5,False,183.2,2026-08-03,179.4523,181.1969,183.1318,185.7945,188.5465,RESOLVED,2026-08-03,182.6691,-0.29,-0.037,0.253,0.291,True,True,True,git:9748b5be
2026-07-27,XLK,Climatology,189,False,174.3,2027-04-17,133.3788,166.6505,198.1143,223.7285,251.3983,PENDING,,,,,,,,,,git:9748b5be
2026-07-27,XLP,Credit-Regime,252,False,85.36,2027-07-14,89.5541,90.5264,90.8477,94.098,97.8406,PENDING,,,,,,,,,,git:9748b5be
2026-07-27,XLV,Credit-Regime,1,False,163.4,2026-07-28,161.7177,162.6578,163.273,164.5109,165.3134,RESOLVED,2026-07-28,166.6223,1.972,-0.078,2.01,1.934,False,False,False,git:9748b5be
2026-07-27,XLY,Climatology,252,False,110.84,2027-07-14,102.0329,114.7616,122.5672,139.1864,148.3249,PENDING,,,,,,,,,,git:9748b5be
2026-07-27,XOM,Credit-Regime,63,False,154.77,2026-10-23,143.1125,146.2084,150.1125,150.1202,157.0991,PENDING,,,,,,,,,,git:9748b5be
2026-07-28,AAPL,Credit-Regime,252,False,340.08,2027-07-15,388.764,423.7918,475.4146,542.835,568.5716,PENDING,,,,,,,,,,git:d121c72d
2026-07-28,DIA,Climatology,126,False,526.89,2027-01-20,507.4794,538.0277,564.7317,593.0531,619.7184,PENDING,,,,,,,,,,git:d121c72d
2026-07-28,EURUSD=X,Credit-Regime,189,False,1.1369,2027-04-18,1.0326,1.0583,1.0847,1.1244,1.1297,PENDING,,,,,,,,,,git:d121c72d
2026-07-28,GLD,VIX-Regime,189,True,369.37,2027-04-18,384.0608,436.9851,442.1955,491.0179,493.7393,PENDING,,,,,,,,,,git:d121c72d
2026-07-28,IWM,Climatology,21,False,293.37,2026-08-26,273.4763,287.0094,296.5533,300.9243,305.0298,RESOLVED,2026-08-26,298.1513,1.63,1.085,0.536,1.604,True,True,True,git:d121c72d
2026-07-28,IYR,Climatology,189,False,107.26,2027-04-18,83.146,100.0797,111.6199,120.6891,129.5458,PENDING,,,,,,,,,,git:d121c72d
2026-07-28,JPM,Credit-Regime,252,True,357.31,2027-07-15,188.2125,223.5157,271.0545,412.0264,420.2603,PENDING,,,,,,,,,,git:d121c72d
2026-07-28,MSFT,Climatology,189,False,393.35,2027-04-18,342.2236,394.239,452.3827,540.088,637.9025,PENDING,,,,,,,,,,git:d121c72d
2026-07-28,QQQ,Climatology,21,False,675.49,2026-08-26,604.1691,668.7901,679.1788,694.9857,701.7865,RESOLVED,2026-08-26,710.6295,5.202,0.546,4.426,4.945,False,False,True,git:d121c72d
2026-07-28,SPY,Climatology,189,False,740.86,2027-04-18,670.8948,699.0385,814.0916,899.0652,903.0769,PENDING,,,,,,,,,,git:d121c72d
2026-07-28,VOX,Climatology,252,False,185.13,2027-07-15,161.555,184.3934,205.2752,222.4335,235.932,PENDING,,,,,,,,,,git:d121c72d
2026-07-28,VTI,Climatology,189,False,365.99,2027-04-18,313.4163,350.7569,400.6795,424.3074,445.3085,PENDING,,,,,,,,,,git:d121c72d
2026-07-28,XLB,Climatology,126,False,52.34,2027-01-20,46.9846,51.5773,53.2262,56.6114,65.7305,PENDING,,,,,,,,,,git:d121c72d
2026-07-28,XLE,Credit-Regime,252,False,57.57,2027-07-15,46.2448,49.5077,50.0085,52.4101,54.9302,PENDING,,,,,,,,,,git:d121c72d
2026-07-28,XLF,Climatology,189,False,57.6,2027-04-18,46.847,54.4428,65.382,70.1113,72.8256,PENDING,,,,,,,,,,git:d121c72d
2026-07-28,XLI,Credit-Regime,5,False,182.49,2026-08-04,179.3471,180.8079,182.2996,185.5744,188.0965,RESOLVED,2026-08-04,185.9004,1.869,-0.104,1.937,1.835,True,False,False,git:d121c72d
2026-07-28,XLK,Climatology,189,False,171.09,2027-04-18,126.2456,151.669,180.4473,206.5187,217.8527,PENDING,,,,,,,,,,git:d121c72d
2026-07-28,XLP,Credit-Regime,252,False,87.06,2027-07-15,92.0557,92.5144,93.4924,98.7136,100.3572,PENDING,,,,,,,,,,git:d121c72d
2026-07-28,XLU,VIX-Regime,126,False,45.52,2027-01-20,47.6932,49.6235,50.5284,51.7189,52.1932,PENDING,,,,,,,,,,git:d121c72d
2026-07-28,XLV,Credit-Regime,1,False,167.26,2026-07-29,165.2268,165.998,167.3903,168.4223,169.7297,RESOLVED,2026-07-29,165.6062,-0.989,0.078,1.077,0.999,True,False,False,git:d121c72d
2026-07-28,XLY,Climatology,252,False,112.48,2027-07-15,104.3478,119.5381,125.5975,132.0564,148.619,PENDING,,,,,,,,,,git:d121c72d
2026-07-28,XOM,Credit-Regime,63,False,153.04,2026-10-24,140.6158,145.9463,149.226,149.4357,156.3473,PENDING,,,,,,,,,,git:d121c72d
2026-07-29,AAPL,Credit-Regime,252,False,338.19,2027-07-16,373.3741,402.9971,456.8063,547.0439,568.5789,PENDING,,,,,,,,,,git:13ddca9d
2026-07-29,DIA,Climatology,126,False,515.41,2027-01-21,489.5184,519.2011,543.3129,566.3639,609.1,PENDING,,,,,,,,,,git:13ddca9d
2026-07-29,EURUSD=X,Credit-Regime,189,False,1.1387,2027-04-19,1.0512,1.0779,1.0795,1.0894,1.1348,PENDING,,,,,,,,,,git:13ddca9d
2026-07-29,GLD,VIX-Regime,189,True,371.08,2027-04-19,429.6743,429.9199,459.0177,482.9877,501.2159,PENDING,,,,,,,,,,git:13ddca9d
2026-07-29,IWM,Climatology,21,False,288.57,2026-08-27,272.2637,279.1119,287.179,297.3818,305.4727,RESOLVED,2026-08-27,299.029,3.624,-0.482,3.963,3.498,True,False,False,git:13ddca9d
2026-07-29,IYR,Climatology,189,False,107.01,2027-04-19,93.1919,104.7449,115.2723,123.3319,130.9475,PENDING,,,,,,,,,,git:13ddca9d
2026-07-29,JPM,Credit-Regime,252,True,344.71,2027-07-16,181.4773,202.6084,277.5383,295.891,386.3,PENDING,,,,,,,,,,git:13ddca9d
2026-07-29,MSFT,Climatology,189,False,390.54,2027-04-19,350.5273,377.5203,445.6261,542.2025,593.6491,PENDING,,,,,,,,,,git:13ddca9d
2026-07-29,QQQ,Climatology,21,False,661.73,2026-08-27,585.6321,632.1061,661.9217,684.6529,701.3675,RESOLVED,2026-08-27,720.3594,8.86,0.029,8.112,8.139,False,False,True,git:13ddca9d
2026-07-29,SPY,Climatology,189,False,729.46,2027-04-19,666.9444,738.0119,800.8101,846.9709,889.3123,PENDING,,,,,,,,,,git:13ddca9d
2026-07-29,VOX,Climatology,252,False,184.81,2027-07-16,138.9879,183.3912,205.9435,226.7926,240.2618,PENDING,,,,,,,,,,git:13ddca9d
2026-07-29,VTI,Climatology,189,False,360.42,2027-04-19,322.9293,362.7252,397.658,414.9271,436.45,PENDING,,,,,,,,,,git:13ddca9d
2026-07-29,XLB,Climatology,126,False,51.74,2027-01-21,48.6259,50.848,53.4753,56.5421,64.2476,PENDING,,,,,,,,,,git:13ddca9d
2026-07-29,XLE,Credit-Regime,252,False,58.65,2027-07-16,47.2171,50.4825,50.8299,51.9157,55.6986,PENDING,,,,,,,,,,git:13ddca9d
2026-07-29,XLF,Climatology,189,False,56.68,2027-04-19,50.1512,53.4969,64.5344,67.9031,70.4255,PENDING,,,,,,,,,,git:13ddca9d
2026-07-29,XLI,Credit-Regime,5,False,176.66,2026-08-05,173.1165,175.0672,177.3447,179.9411,182.3913,RESOLVED,2026-08-05,185.8505,5.202,0.388,4.577,4.945,False,False,True,git:13ddca9d
2026-07-29,XLK,Climatology,189,False,166.57,2027-04-19,129.511,163.857,176.4517,200.5664,217.675,PENDING,,,,,,,,,,git:13ddca9d
2026-07-29,XLP,Credit-Regime,252,False,87.36,2027-07-16,92.3082,93.1475,93.6136,97.8296,99.8408,PENDING,,,,,,,,,,git:13ddca9d
2026-07-29,XLU,VIX-Regime,126,False,44.91,2027-01-21,46.5633,48.352,49.6774,50.833,52.0916,PENDING,,,,,,,,,,git:13ddca9d
2026-07-29,XLV,Credit-Regime,1,False,166.24,2026-07-30,164.3744,165.482,166.3361,167.3563,168.342,RESOLVED,2026-07-30,162.8966,-2.011,0.058,2.111,2.052,False,False,False,git:13ddca9d
2026-07-29,XLY,Climatology,252,False,111.61,2027-07-16,90.8042,110.5501,123.4405,130.8846,149.4691,PENDING,,,,,,,,,,git:13ddca9d
2026-07-29,XOM,Credit-Regime,63,False,156.75,2026-10-25,143.7999,151.1516,151.4686,152.2521,158.6901,PENDING,,,,,,,,,,git:13ddca9d
2026-07-30,AAPL,Credit-Regime,252,False,333.43,2027-07-17,390.2709,432.9262,471.9327,518.3383,592.134,PENDING,,,,,,,,,,git:334d9813
2026-07-30,DIA,Climatology,126,False,521.51,2027-01-22,493.2414,514.4201,550.3952,592.126,607.9129,PENDING,,,,,,,,,,git:334d9813
2026-07-30,EURUSD=X,Credit-Regime,189,False,1.1467,2027-04-20,1.0377,1.0688,1.094,1.0996,1.1242,PENDING,,,,,,,,,,git:334d9813
2026-07-30,GLD,VIX-Regime,189,True,377.16,2027-04-20,382.6894,439.5451,440.3322,473.734,499.9288,PENDING,,,,,,,,,,git:334d9813
2026-07-30,IWM,Climatology,21,False,292.59,2026-08-28,268.064,278.9221,291.8816,303.8678,309.8298,RESOLVED,2026-08-28,294.9796,0.817,-0.242,1.05,0.81,True,True,False,git:334d9813
2026-07-30,IYR,Climatology,189,False,105.67,2027-04-20,93.8392,106.759,116.4471,124.0008,135.3146,PENDING,,,,,,,,,,git:334d9813
2026-07-30,JPM,Credit-Regime,252,True,350.85,2027-07-17,178.2587,208.6529,375.7853,397.2024,470.8207,PENDING,,,,,,,,,,git:334d9813
2026-07-30,MSFT,Climatology,189,False,451.1,2027-04-20,409.5508,488.6314,521.8018,626.6116,675.6145,PENDING,,,,,,,,,,git:334d9813
2026-07-30,QQQ,Climatology,21,False,683.55,2026-08-28,606.9043,645.0613,689.3056,708.444,719.2131,RESOLVED,2026-08-28,715.6843,4.701,0.842,3.686,4.49,True,False,True,git:334d9813
2026-07-30,SPY,Climatology,189,False,741.69,2027-04-20,676.9479,744.8132,810.4474,841.5691,904.9514,PENDING,,,,,,,,,,git:334d9813
2026-07-30,VOX,Climatology,252,False,179.77,2027-07-17,160.5818,182.6875,200.9624,224.6655,244.8639,PENDING,,,,,,,,,,git:334d9813
2026-07-30,VTI,Climatology,189,False,366.27,2027-04-20,328.9346,364.3262,401.0035,429.0886,478.4986,PENDING,,,,,,,,,,git:334d9813
2026-07-30,XLB,Climatology,126,False,51.64,2027-01-22,48.8539,53.2449,56.962,58.111,64.2792,PENDING,,,,,,,,,,git:334d9813
2026-07-30,XLE,Credit-Regime,252,False,58.96,2027-07-17,47.5847,47.6626,50.0056,56.8922,59.9779,PENDING,,,,,,,,,,git:334d9813
2026-07-30,XLF,Climatology,189,False,57.0,2027-04-20,50.8922,53.7138,64.7092,68.4127,74.5676,PENDING,,,,,,,,,,git:334d9813
2026-07-30,XLI,Credit-Regime,5,False,178.39,2026-08-06,175.0015,176.8077,177.5102,181.1688,183.4585,RESOLVED,2026-08-06,184.2648,3.293,-0.493,3.666,3.188,False,False,False,git:334d9813
2026-07-30,XLK,Climatology,189,False,175.73,2027-04-20,152.0078,170.5997,184.3233,217.0558,251.6871,PENDING,,,,,,,,,,git:334d9813
2026-07-30,XLP,Credit-Regime,252,False,85.47,2027-07-17,90.6665,90.7991,91.148,95.7076,98.9843,PENDING,,,,,,,,,,git:334d9813
2026-07-30,XLU,VIX-Regime,126,False,44.66,2027-01-22,46.5853,48.266,49.2207,50.4653,51.6643,PENDING,,,,,,,,,,git:334d9813
2026-07-30,XLV,Credit-Regime,1,False,163.52,2026-07-31,161.029,162.1428,163.2941,164.6306,165.5377,RESOLVED,2026-07-31,161.9303,-0.972,-0.138,0.842,0.982,True,False,True,git:334d9813
2026-07-30,XLY,Climatology,252,False,112.39,2027-07-17,95.4252,117.4469,124.4427,138.5004,146.0014,PENDING,,,,,,,,,,git:334d9813
2026-07-30,XOM,Credit-Regime,63,False,156.97,2026-10-26,144.1364,148.0392,148.9038,153.2047,162.3908,PENDING,,,,,,,,,,git:334d9813
2026-07-31,AAPL,Credit-Regime,252,False,308.91,2027-07-18,349.3634,355.8217,410.4518,473.2825,501.8562,PENDING,,,,,,,,,,git:d1a60bb3
2026-07-31,DIA,Climatology,126,False,524.32,2027-01-23,498.6496,510.3074,556.2897,579.8307,598.6364,PENDING,,,,,,,,,,git:d1a60bb3
2026-07-31,EURUSD=X,Credit-Regime,189,False,1.1527,2027-04-21,1.0462,1.071,1.0839,1.0981,1.131,PENDING,,,,,,,,,,git:d1a60bb3
2026-07-31,GLD,VIX-Regime,189,True,371.54,2027-04-21,378.8236,429.7307,457.4638,483.0707,512.0555,PENDING,,,,,,,,,,git:d1a60bb3
2026-07-31,IWM,Climatology,21,False,291.2,2026-08-29,265.4277,272.6007,288.9868,297.5033,300.9345,RESOLVED,2026-08-31,293.1643,0.675,-0.76,1.425,0.67,True,True,False,git:d1a60bb3
2026-07-31,IYR,Climatology,189,False,105.09,2027-04-21,92.2138,105.7416,116.3914,128.147,135.3074,PENDING,,,,,,,,,,git:d1a60bb3
2026-07-31,JPM,Credit-Regime,252,True,351.79,2027-07-18,177.2824,202.5972,274.9671,293.0219,408.8184,PENDING,,,,,,,,,,git:d1a60bb3
2026-07-31,MSFT,Climatology,189,False,464.72,2027-04-21,448.6066,526.1007,551.4605,626.0073,770.6044,PENDING,,,,,,,,,,git:d1a60bb3
2026-07-31,QQQ,Climatology,21,False,687.99,2026-08-29,597.3437,652.6369,687.4126,703.6539,725.0511,RESOLVED,2026-08-31,716.0139,4.073,-0.084,3.995,3.914,True,False,False,git:d1a60bb3
2026-07-31,SPY,Climatology,189,False,747.03,2027-04-21,702.7907,798.7079,822.2427,914.3916,998.4294,PENDING,,,,,,,,,,git:d1a60bb3
2026-07-31,VOX,Climatology,252,False,181.78,2027-07-18,159.9155,182.032,201.8679,215.5908,229.9353,PENDING,,,,,,,,,,git:d1a60bb3
2026-07-31,VTI,Climatology,189,False,368.21,2027-04-21,334.0704,391.9961,402.6518,448.1844,501.9679,PENDING,,,,,,,,,,git:d1a60bb3
2026-07-31,XLB,Climatology,126,False,50.43,2027-01-23,48.4269,50.8537,52.5659,55.231,57.9154,PENDING,,,,,,,,,,git:d1a60bb3
2026-07-31,XLE,Credit-Regime,252,False,59.55,2027-07-18,47.288,48.1615,52.2033,56.334,58.8987,PENDING,,,,,,,,,,git:d1a60bb3
2026-07-31,XLF,Climatology,189,False,56.94,2027-04-21,50.0321,55.6705,64.578,69.7603,76.4281,PENDING,,,,,,,,,,git:d1a60bb3
2026-07-31,XLI,Credit-Regime,5,False,179.84,2026-08-07,176.3753,177.5198,179.2333,183.0949,185.1382,RESOLVED,2026-08-07,184.6836,2.693,-0.337,2.951,2.623,True,False,False,git:d1a60bb3
2026-07-31,XLK,Climatology,189,False,175.35,2027-04-21,163.7321,182.3193,198.9335,241.0644,261.1523,PENDING,,,,,,,,,,git:d1a60bb3
2026-07-31,XLP,Credit-Regime,252,False,85.05,2027-07-18,89.239,90.1992,91.0891,94.9803,97.2166,PENDING,,,,,,,,,,git:d1a60bb3
2026-07-31,XLU,VIX-Regime,126,False,44.35,2027-01-23,45.9048,47.5063,49.0344,50.168,50.7042,PENDING,,,,,,,,,,git:d1a60bb3
2026-07-31,XLV,Credit-Regime,1,False,162.55,2026-08-01,160.3388,161.1459,161.9186,163.501,164.2472,RESOLVED,2026-08-03,161.6215,-0.571,-0.388,0.184,0.575,True,True,True,git:d1a60bb3
2026-07-31,XLY,Climatology,252,False,116.09,2027-07-18,99.5553,120.6712,129.2107,138.4248,146.4266,PENDING,,,,,,,,,,git:d1a60bb3
2026-07-31,XOM,Credit-Regime,63,False,155.44,2026-10-27,142.234,146.0835,147.0704,148.3314,159.0903,PENDING,,,,,,,,,,git:d1a60bb3
2026-08-04,AAPL,Credit-Regime,252,False,309.38,2027-07-22,361.6362,370.0884,407.9582,484.7584,527.456,PENDING,,,,,,,,,,git:e5a4dec1
2026-08-04,DIA,Climatology,126,False,540.43,2027-01-27,522.1894,554.2955,564.8979,613.4007,631.8622,PENDING,,,,,,,,,,git:e5a4dec1
2026-08-04,EURUSD=X,Credit-Regime,189,False,1.1507,2027-04-25,1.0432,1.0674,1.1071,1.1112,1.1229,PENDING,,,,,,,,,,git:e5a4dec1
2026-08-04,GLD,VIX-Regime,189,True,374.16,2027-04-25,415.1315,426.7082,446.2343,476.1883,500.6346,PENDING,,,,,,,,,,git:e5a4dec1
2026-08-04,IWM,Climatology,21,False,301.71,2026-09-02,280.7586,291.3206,296.6743,310.4201,316.0617,RESOLVED,2026-09-02,293.2441,-2.806,-1.669,1.17,2.887,True,True,True,git:e5a4dec1
2026-08-04,IYR,Climatology,189,False,105.12,2027-04-25,86.8896,100.8714,113.9274,121.3632,131.6835,PENDING,,,,,,,,,,git:e5a4dec1
2026-08-04,JPM,Credit-Regime,252,True,357.52,2027-07-22,190.738,216.3862,353.2721,445.675,448.1258,PENDING,,,,,,,,,,git:e5a4dec1
2026-08-04,MSFT,Climatology,189,False,492.81,2027-04-25,442.8132,522.9639,579.3252,651.9879,811.8928,PENDING,,,,,,,,,,git:e5a4dec1
2026-08-04,QQQ,Climatology,21,False,723.85,2026-09-02,662.1455,698.9506,726.3795,749.2321,765.9719,RESOLVED,2026-09-02,708.5017,-2.12,0.349,2.523,2.166,True,True,False,git:e5a4dec1
2026-08-04,SPY,Climatology,189,False,771.33,2027-04-25,706.9143,760.7892,854.5254,933.2293,965.7364,PENDING,,,,,,,,,,git:e5a4dec1
2026-08-04,VOX,Climatology,252,False,189.77,2027-07-22,166.9399,186.0754,213.8014,225.9712,243.8322,PENDING,,,,,,,,,,git:e5a4dec1
2026-08-04,VTI,Climatology,189,False,380.82,2027-04-25,333.2073,379.8431,425.6545,452.7968,470.1394,PENDING,,,,,,,,,,git:e5a4dec1
2026-08-04,XLB,Climatology,126,False,52.0,2027-01-27,49.5787,52.1816,53.7083,60.5593,64.793,PENDING,,,,,,,,,,git:e5a4dec1
2026-08-04,XLE,Credit-Regime,252,False,58.52,2027-07-22,48.7365,48.8533,51.9319,57.2869,59.6884,PENDING,,,,,,,,,,git:e5a4dec1
2026-08-04,XLF,Climatology,189,False,57.88,2027-04-25,48.0229,55.1831,65.4529,68.4624,73.5364,PENDING,,,,,,,,,,git:e5a4dec1
2026-08-04,XLI,Credit-Regime,5,False,186.4,2026-08-11,182.7757,185.3925,186.9106,190.1214,191.2853,RESOLVED,2026-08-11,185.2022,-0.643,0.274,0.922,0.647,True,False,False,git:e5a4dec1
2026-08-04,XLK,Climatology,189,False,186.9,2027-04-25,140.4701,177.205,205.3017,224.8545,266.6507,PENDING,,,,,,,,,,git:e5a4dec1
2026-08-04,XLP,Credit-Regime,252,False,85.37,2027-07-22,91.7082,92.0473,93.2351,96.8328,98.4042,PENDING,,,,,,,,,,git:e5a4dec1
2026-08-04,XLU,VIX-Regime,126,False,44.11,2027-01-27,45.5271,47.4113,48.3105,49.9578,50.9871,PENDING,,,,,,,,,,git:e5a4dec1
2026-08-04,XLV,Credit-Regime,1,False,162.1,2026-08-05,159.2695,161.0907,161.94,163.0184,164.2271,RESOLVED,2026-08-05,163.5341,0.885,-0.099,0.975,0.877,True,False,False,git:e5a4dec1
2026-08-04,XLY,Climatology,252,False,118.29,2027-07-22,108.7971,119.2535,133.6275,140.5269,153.5903,PENDING,,,,,,,,,,git:e5a4dec1
2026-08-04,XOM,Credit-Regime,63,False,153.96,2026-10-31,139.2045,144.4549,148.9799,152.658,158.7663,PENDING,,,,,,,,,,git:e5a4dec1
2026-08-05,AAPL,Credit-Regime,252,False,311.0,2027-07-23,361.5081,388.2885,418.9784,500.6292,533.4709,PENDING,,,,,,,,,,git:b738a5c5
2026-08-05,DIA,Climatology,126,False,542.81,2027-01-28,504.6548,534.1977,568.071,613.7541,627.4113,PENDING,,,,,,,,,,git:b738a5c5
2026-08-05,EURUSD=X,Credit-Regime,189,False,1.1532,2027-04-26,1.0454,1.0617,1.0726,1.0912,1.1316,PENDING,,,,,,,,,,git:b738a5c5
2026-08-05,GLD,VIX-Regime,189,True,389.64,2027-04-26,391.3777,429.5736,465.8662,493.6401,509.0966,PENDING,,,,,,,,,,git:b738a5c5
2026-08-05,IWM,Climatology,21,False,299.77,2026-09-03,282.4438,292.7953,304.3931,314.9759,318.8941,RESOLVED,2026-09-03,294.4211,-1.784,1.542,3.387,1.817,True,True,False,git:b738a5c5
2026-08-05,IYR,Climatology,189,False,105.14,2027-04-26,94.2486,106.4053,113.9131,118.1553,127.3423,PENDING,,,,,,,,,,git:b738a5c5
2026-08-05,JPM,Credit-Regime,252,True,359.24,2027-07-23,186.2028,212.2018,386.2327,423.1216,439.9301,PENDING,,,,,,,,,,git:b738a5c5
2026-08-05,MSFT,Climatology,189,False,487.46,2027-04-26,450.2177,506.1377,556.9211,620.169,783.6513,PENDING,,,,,,,,,,git:b738a5c5
2026-08-05,QQQ,Climatology,21,False,717.3,2026-09-03,672.8468,700.9008,712.5521,752.3123,763.5874,RESOLVED,2026-09-03,716.9229,-0.053,-0.662,0.61,0.053,True,True,True,git:b738a5c5
2026-08-05,SPY,Climatology,189,False,769.79,2027-04-26,714.0613,772.7478,836.8438,865.6077,926.0464,PENDING,,,,,,,,,,git:b738a5c5
2026-08-05,VOX,Climatology,252,False,186.48,2027-07-23,142.4892,182.7091,208.6609,234.8966,236.7869,PENDING,,,,,,,,,,git:b738a5c5
2026-08-05,VTI,Climatology,189,False,379.65,2027-04-26,359.7257,380.3594,416.3159,431.6624,454.6895,PENDING,,,,,,,,,,git:b738a5c5
2026-08-05,XLB,Climatology,126,False,52.64,2027-01-28,51.2884,53.094,54.9133,60.6213,64.9359,PENDING,,,,,,,,,,git:b738a5c5
2026-08-05,XLE,Credit-Regime,252,False,57.31,2027-07-23,47.6238,48.7711,49.1471,57.2592,57.5947,PENDING,,,,,,,,,,git:b738a5c5
2026-08-05,XLF,Climatology,189,False,58.0,2027-04-26,48.1836,55.6482,63.4941,67.6859,72.657,PENDING,,,,,,,,,,git:b738a5c5
2026-08-05,XLI,Credit-Regime,5,False,186.35,2026-08-12,183.022,185.4629,187.5756,189.8632,191.9336,RESOLVED,2026-08-12,185.3818,-0.52,0.658,1.183,0.522,True,False,False,git:b738a5c5
2026-08-05,XLK,Climatology,189,False,185.91,2027-04-26,156.2538,182.1293,200.0551,219.1385,238.0887,PENDING,,,,,,,,,,git:b738a5c5
2026-08-05,XLP,Credit-Regime,252,False,85.33,2027-07-23,91.5483,92.2651,92.4515,95.9916,97.5661,PENDING,,,,,,,,,,git:b738a5c5
2026-08-05,XLU,VIX-Regime,126,False,43.66,2027-01-28,44.0235,44.6351,47.4965,48.9583,50.3049,PENDING,,,,,,,,,,git:b738a5c5
2026-08-05,XLV,Credit-Regime,1,False,164.16,2026-08-06,161.9589,163.0997,164.0292,165.3295,166.2148,RESOLVED,2026-08-06,163.823,-0.205,-0.08,0.126,0.206,True,True,True,git:b738a5c5
2026-08-05,XLY,Climatology,252,False,118.64,2027-07-23,101.5633,115.8838,134.2625,145.7294,157.9562,PENDING,,,,,,,,,,git:b738a5c5
2026-08-05,XOM,Credit-Regime,63,False,151.63,2026-11-01,138.8474,141.4391,148.7243,150.227,154.8425,PENDING,,,,,,,,,,git:b738a5c5
2026-08-06,AAPL,Credit-Regime,252,False,312.41,2027-07-24,348.8023,389.7992,428.0407,471.6109,533.1574,PENDING,,,,,,,,,,git:d04caa70
2026-08-06,DIA,Climatology,126,False,538.19,2027-01-29,503.3362,526.9014,578.1622,610.685,617.717,PENDING,,,,,,,,,,git:d04caa70
2026-08-06,EURUSD=X,Credit-Regime,189,False,1.1557,2027-04-27,1.0504,1.0861,1.0886,1.0989,1.1398,PENDING,,,,,,,,,,git:d04caa70
2026-08-06,GLD,VIX-Regime,189,True,389.67,2027-04-27,381.0651,434.0022,456.1884,491.8402,523.065,PENDING,,,,,,,,,,git:d04caa70
2026-08-06,IWM,Climatology,21,False,298.25,2026-09-04,266.9575,285.3931,299.096,307.7584,311.4101,RESOLVED,2026-09-04,295.2389,-1.01,0.284,1.306,1.02,True,True,False,git:d04caa70
2026-08-06,IYR,Climatology,189,False,104.19,2027-04-27,96.2538,105.9292,113.2753,123.5075,131.4893,PENDING,,,,,,,,,,git:d04caa70
2026-08-06,JPM,Credit-Regime,252,True,356.3,2027-07-24,177.5964,200.4259,269.3107,391.7857,404.5721,PENDING,,,,,,,,,,git:d04caa70
2026-08-06,MSFT,Climatology,189,False,499.86,2027-04-27,463.2657,525.1488,562.9738,657.7476,758.4094,PENDING,,,,,,,,,,git:d04caa70
2026-08-06,QQQ,Climatology,21,False,714.65,2026-09-04,636.5505,700.4291,716.3213,739.8166,746.2969,RESOLVED,2026-09-04,718.2116,0.498,0.234,0.263,0.496,True,True,True,git:d04caa70
2026-08-06,SPY,Climatology,189,False,768.56,2027-04-27,706.7074,762.2867,839.7273,889.3992,936.9465,PENDING,,,,,,,,,,git:d04caa70
2026-08-06,VOX,Climatology,252,False,186.32,2027-07-24,166.7394,189.3898,207.0357,237.9935,253.2767,PENDING,,,,,,,,,,git:d04caa70
2026-08-06,VTI,Climatology,189,False,379.07,2027-04-27,358.9765,377.6319,414.0691,439.2309,477.1477,PENDING,,,,,,,,,,git:d04caa70
2026-08-06,XLB,Climatology,126,False,52.17,2027-01-29,50.6963,52.9828,56.3621,59.6508,64.1463,PENDING,,,,,,,,,,git:d04caa70
2026-08-06,XLE,Credit-Regime,252,False,58.16,2027-07-24,49.1484,50.071,50.8046,57.468,57.7904,PENDING,,,,,,,,,,git:d04caa70
2026-08-06,XLF,Climatology,189,False,57.81,2027-04-27,50.085,54.2486,62.9377,70.5462,74.7017,PENDING,,,,,,,,,,git:d04caa70
2026-08-06,XLI,Credit-Regime,5,False,184.76,2026-08-13,180.7424,184.0055,185.6574,188.7583,191.6036,RESOLVED,2026-08-13,185.292,0.288,0.486,0.197,0.287,True,True,True,git:d04caa70
2026-08-06,XLK,Climatology,189,False,185.33,2027-04-27,169.4207,181.4801,196.2268,229.6424,255.2925,PENDING,,,,,,,,,,git:d04caa70
2026-08-06,XLP,Credit-Regime,252,False,85.11,2027-07-24,92.195,92.5001,92.681,95.563,97.858,PENDING,,,,,,,,,,git:d04caa70
2026-08-06,XLU,VIX-Regime,126,False,43.38,2027-01-29,43.831,44.9883,47.6438,48.7257,50.1392,PENDING,,,,,,,,,,git:d04caa70
2026-08-06,XLV,Credit-Regime,1,False,164.45,2026-08-07,162.4725,163.591,164.5322,165.4789,166.199,RESOLVED,2026-08-07,165.0483,0.364,0.05,0.313,0.363,True,True,True,git:d04caa70
2026-08-06,XLY,Climatology,252,False,118.1,2027-07-24,103.9817,123.9787,131.8365,145.6816,155.108,PENDING,,,,,,,,,,git:d04caa70
2026-08-06,XOM,Credit-Regime,63,False,154.84,2026-11-02,141.1173,148.1504,151.316,153.0271,159.4707,PENDING,,,,,,,,,,git:d04caa70
2026-08-07,AAPL,Credit-Regime,252,False,313.33,2027-07-25,344.5395,409.9345,427.6137,499.3839,552.6597,PENDING,,,,,,,,,,git:8e875495
2026-08-07,DIA,Climatology,126,False,539.62,2027-01-30,510.8984,528.2021,570.0341,588.7443,609.309,PENDING,,,,,,,,,,git:8e875495
2026-08-07,EURUSD=X,Credit-Regime,189,False,1.1562,2027-04-28,1.0531,1.0693,1.0923,1.1041,1.1391,PENDING,,,,,,,,,,git:8e875495
2026-08-07,GLD,VIX-Regime,189,True,398.47,2027-04-28,421.8253,453.4321,457.5215,469.4786,498.3905,PENDING,,,,,,,,,,git:8e875495
2026-08-07,IWM,Climatology,21,False,301.56,2026-09-05,275.9609,281.2523,302.108,313.1512,316.1969,RESOLVED,2026-09-08,293.9024,-2.539,0.182,2.792,2.605,True,True,False,git:8e875495
2026-08-07,IYR,Climatology,189,False,104.69,2027-04-28,94.6634,106.0578,112.4457,128.8388,138.5718,PENDING,,,,,,,,,,git:8e875495
2026-08-07,JPM,Credit-Regime,252,True,357.52,2027-07-25,175.5727,199.0377,286.2668,386.5784,413.4366,PENDING,,,,,,,,,,git:8e875495
2026-08-07,MSFT,Climatology,189,False,499.99,2027-04-28,470.8674,531.3419,586.3129,669.0991,767.3884,PENDING,,,,,,,,,,git:8e875495
2026-08-07,QQQ,Climatology,21,False,723.03,2026-09-05,642.6054,682.942,725.6933,751.3086,762.5703,RESOLVED,2026-09-08,717.6122,-0.749,0.368,1.126,0.755,True,True,False,git:8e875495
2026-08-07,SPY,Climatology,189,False,773.26,2027-04-28,733.6053,810.9815,852.435,941.1308,983.3571,PENDING,,,,,,,,,,git:8e875495
2026-08-07,VOX,Climatology,252,False,187.52,2027-07-25,167.2963,183.4091,204.913,220.1365,244.6996,PENDING,,,,,,,,,,git:8e875495
2026-08-07,VTI,Climatology,189,False,381.78,2027-04-28,352.4358,386.4198,423.6864,460.6074,499.7105,PENDING,,,,,,,,,,git:8e875495
2026-08-07,XLB,Climatology,126,False,52.86,2027-01-30,51.0233,52.047,54.992,57.6832,59.4467,PENDING,,,,,,,,,,git:8e875495
2026-08-07,XLE,Credit-Regime,252,False,57.5,2027-07-25,48.1392,48.196,49.4403,56.3492,56.5349,PENDING,,,,,,,,,,git:8e875495
2026-08-07,XLF,Climatology,189,False,57.6,2027-04-28,50.1513,58.9654,63.5906,71.3664,74.5545,PENDING,,,,,,,,,,git:8e875495
2026-08-07,XLI,Credit-Regime,5,False,185.18,2026-08-14,181.214,183.7505,186.4757,190.8948,191.2989,RESOLVED,2026-08-14,186.0101,0.448,0.7,0.25,0.446,True,True,True,git:8e875495
2026-08-07,XLK,Climatology,189,False,187.97,2027-04-28,162.8587,189.9523,211.7648,249.3774,264.4796,PENDING,,,,,,,,,,git:8e875495
2026-08-07,XLP,Credit-Regime,252,False,85.12,2027-07-25,91.2072,92.0346,93.1507,96.7282,98.3588,PENDING,,,,,,,,,,git:8e875495
2026-08-07,XLU,VIX-Regime,126,False,43.61,2027-01-30,43.4988,44.9026,47.2184,48.4369,49.784,PENDING,,,,,,,,,,git:8e875495
2026-08-07,XLV,Credit-Regime,1,False,165.68,2026-08-08,163.818,164.9711,165.8991,166.8353,167.6724,RESOLVED,2026-08-10,167.7978,1.278,0.132,1.132,1.262,False,False,True,git:8e875495
2026-08-07,XLY,Climatology,252,False,119.86,2027-07-25,107.3392,125.4163,133.6763,141.239,149.4221,PENDING,,,,,,,,,,git:8e875495
2026-08-07,XOM,Credit-Regime,63,False,153.04,2026-11-03,141.5588,142.9249,145.246,149.2664,159.2241,PENDING,,,,,,,,,,git:8e875495
2026-08-10,AAPL,Credit-Regime,252,False,308.26,2027-07-28,369.5118,377.4372,433.0425,484.1342,555.2091,PENDING,,,,,,,,,,git:52926487
2026-08-10,DIA,Climatology,126,False,538.99,2027-02-02,526.8008,543.5241,560.7598,592.1976,621.9515,PENDING,,,,,,,,,,git:52926487
2026-08-10,EURUSD=X,Credit-Regime,189,False,1.1556,2027-05-01,1.0569,1.0852,1.1056,1.1162,1.1421,PENDING,,,,,,,,,,git:52926487
2026-08-10,GLD,VIX-Regime,189,True,402.54,2027-05-01,397.007,456.5039,478.4775,483.8583,545.35,PENDING,,,,,,,,,,git:52926487
2026-08-10,IWM,Climatology,21,False,299.98,2026-09-08,275.5004,283.9876,299.1564,313.2812,321.9324,RESOLVED,2026-09-09,289.8829,-3.366,-0.275,3.199,3.483,True,True,True,git:52926487
2026-08-10,IYR,Climatology,189,False,103.35,2027-05-01,89.0529,101.7299,110.7402,122.2995,139.2131,PENDING,,,,,,,,,,git:52926487
2026-08-10,JPM,Credit-Regime,252,True,359.79,2027-07-28,179.0078,210.0035,309.1933,402.7789,460.2171,PENDING,,,,,,,,,,git:52926487
2026-08-10,MSFT,Climatology,189,False,506.06,2027-05-01,449.044,529.4945,580.3391,700.1671,870.9739,PENDING,,,,,,,,,,git:52926487
2026-08-10,QQQ,Climatology,21,False,720.87,2026-09-08,642.5048,699.3563,726.6828,746.219,763.6881,RESOLVED,2026-09-09,715.5644,-0.736,0.806,1.554,0.741,True,True,False,git:52926487
2026-08-10,SPY,Climatology,189,False,773.03,2027-05-01,678.8734,763.8845,880.6112,943.7703,970.0143,PENDING,,,,,,,,,,git:52926487
2026-08-10,VOX,Climatology,252,False,188.38,2027-07-28,168.9652,180.4568,216.6794,229.1127,241.2283,PENDING,,,,,,,,,,git:52926487
2026-08-10,VTI,Climatology,189,False,381.63,2027-05-01,328.3399,392.9839,431.4454,460.6666,486.3451,PENDING,,,,,,,,,,git:52926487
2026-08-10,XLB,Climatology,126,False,53.18,2027-02-02,49.3167,52.141,54.9977,56.279,64.9749,PENDING,,,,,,,,,,git:52926487
2026-08-10,XLE,Credit-Regime,252,False,60.18,2027-07-28,47.8447,49.9196,50.9133,60.2474,60.6568,PENDING,,,,,,,,,,git:52926487
2026-08-10,XLF,Climatology,189,False,57.81,2027-05-01,46.4802,53.8154,65.3631,72.8478,75.0601,PENDING,,,,,,,,,,git:52926487
2026-08-10,XLI,Credit-Regime,5,False,184.6,2026-08-17,180.9158,183.8308,186.6596,188.7739,193.1247,RESOLVED,2026-08-17,185.8206,0.661,1.116,0.452,0.657,True,True,True,git:52926487
2026-08-10,XLK,Climatology,189,False,186.32,2027-05-01,138.0761,178.5014,206.6211,234.2992,253.4389,PENDING,,,,,,,,,,git:52926487
2026-08-10,XLP,Credit-Regime,252,False,84.95,2027-07-28,90.8852,90.9636,92.3839,95.6239,97.892,PENDING,,,,,,,,,,git:52926487
2026-08-10,XLU,VIX-Regime,126,False,43.13,2027-02-02,43.2775,44.2083,47.3445,47.9424,49.9206,PENDING,,,,,,,,,,git:52926487
2026-08-10,XLV,Credit-Regime,1,False,168.44,2026-08-11,166.4798,167.5172,168.5656,169.7191,171.1258,RESOLVED,2026-08-11,167.3694,-0.636,0.075,0.715,0.64,True,False,False,git:52926487
2026-08-10,XLY,Climatology,252,False,119.67,2027-07-28,111.0208,122.0536,133.9586,140.7162,152.8464,PENDING,,,,,,,,,,git:52926487
2026-08-10,XOM,Credit-Regime,63,False,159.79,2026-11-06,148.6048,152.6456,153.9559,158.1584,164.7352,PENDING,,,,,,,,,,git:52926487
2026-08-11,AAPL,Credit-Regime,252,False,304.91,2027-07-29,350.9161,380.4183,427.8075,467.8441,533.4674,PENDING,,,,,,,,,,git:12fe43a1
2026-08-11,DIA,Climatology,126,False,537.28,2027-02-03,513.2754,537.7275,566.5584,598.2175,614.5727,PENDING,,,,,,,,,,git:12fe43a1
2026-08-11,EURUSD=X,Credit-Regime,189,False,1.1546,2027-05-02,1.0412,1.0849,1.0947,1.1044,1.1444,PENDING,,,,,,,,,,git:12fe43a1
2026-08-11,GLD,VIX-Regime,189,True,400.96,2027-05-02,403.8266,429.2558,469.1003,483.4933,528.3881,PENDING,,,,,,,,,,git:12fe43a1
2026-08-11,IWM,Climatology,21,False,300.99,2026-09-09,268.326,286.9507,304.3776,311.4928,317.0654,RESOLVED,2026-09-10,286.9506,-4.664,1.125,6.073,4.893,True,False,False,git:12fe43a1
2026-08-11,IYR,Climatology,189,False,102.57,2027-05-02,89.8392,99.7769,108.4487,116.6452,126.2783,PENDING,,,,,,,,,,git:12fe43a1
2026-08-11,JPM,Credit-Regime,252,True,362.04,2027-07-29,188.1361,200.2815,317.9927,434.9126,438.6661,PENDING,,,,,,,,,,git:12fe43a1
2026-08-11,MSFT,Climatology,189,False,503.81,2027-05-02,443.3356,525.1442,575.0481,670.3101,863.3035,PENDING,,,,,,,,,,git:12fe43a1
2026-08-11,QQQ,Climatology,21,False,718.45,2026-09-09,627.9169,694.7936,727.5769,745.3038,760.3901,RESOLVED,2026-09-10,707.9523,-1.461,1.27,2.772,1.483,True,True,False,git:12fe43a1
2026-08-11,SPY,Climatology,189,False,770.56,2027-05-02,682.0065,769.023,856.1416,927.29,953.6931,PENDING,,,,,,,,,,git:12fe43a1
2026-08-11,VOX,Climatology,252,False,186.59,2027-07-29,166.0879,188.3597,211.3904,221.1378,239.3673,PENDING,,,,,,,,,,git:12fe43a1
2026-08-11,VTI,Climatology,189,False,380.65,2027-05-02,337.9683,385.7957,423.1628,449.0464,462.1734,PENDING,,,,,,,,,,git:12fe43a1
2026-08-11,XLB,Climatology,126,False,53.24,2027-02-03,48.8477,52.1239,55.2369,61.4866,65.1607,PENDING,,,,,,,,,,git:12fe43a1
2026-08-11,XLE,Credit-Regime,252,False,60.93,2027-07-29,50.3882,51.412,51.8468,59.8429,61.9333,PENDING,,,,,,,,,,git:12fe43a1
2026-08-11,XLF,Climatology,189,False,57.8,2027-05-02,47.2926,54.946,64.2742,70.6666,72.5648,PENDING,,,,,,,,,,git:12fe43a1
2026-08-11,XLI,Credit-Regime,5,False,185.7,2026-08-18,181.4183,184.9251,186.6365,190.2927,193.4537,RESOLVED,2026-08-18,183.078,-1.412,0.504,1.944,1.432,True,False,False,git:12fe43a1
2026-08-11,XLK,Climatology,189,False,186.09,2027-05-02,135.9841,180.5092,206.2913,224.2433,245.4408,PENDING,,,,,,,,,,git:12fe43a1
2026-08-11,XLP,Credit-Regime,252,False,84.69,2027-07-29,90.4506,91.5507,92.2391,95.4831,96.5203,PENDING,,,,,,,,,,git:12fe43a1
2026-08-11,XLU,VIX-Regime,126,False,43.63,2027-02-03,44.0742,45.0062,47.2801,49.1918,49.8083,PENDING,,,,,,,,,,git:12fe43a1
2026-08-11,XLV,Credit-Regime,1,False,168.01,2026-08-12,165.8023,167.1824,167.5607,169.7757,170.3989,RESOLVED,2026-08-12,167.7978,-0.126,-0.267,0.141,0.126,True,True,True,git:12fe43a1
2026-08-11,XLY,Climatology,252,False,119.24,2027-07-29,110.9126,121.9505,134.7667,140.9092,152.3127,PENDING,,,,,,,,,,git:12fe43a1
2026-08-11,XOM,Credit-Regime,63,False,159.8,2026-11-07,146.4491,151.544,153.5276,157.3304,164.8277,PENDING,,,,,,,,,,git:12fe43a1
2026-08-12,AAPL,Credit-Regime,252,False,302.25,2027-07-30,350.6448,385.8805,438.6722,494.0519,540.324,PENDING,,,,,,,,,,git:fc6b2b4b
2026-08-12,DIA,Climatology,126,False,537.15,2027-02-04,506.547,515.8073,553.4583,607.6987,611.3103,PENDING,,,,,,,,,,git:fc6b2b4b
2026-08-12,EURUSD=X,Credit-Regime,189,False,1.1544,2027-05-03,1.0469,1.0873,1.0923,1.1025,1.1429,PENDING,,,,,,,,,,git:fc6b2b4b
2026-08-12,GLD,VIX-Regime,189,True,404.92,2027-05-03,408.0873,456.4759,485.8091,507.1586,548.6479,PENDING,,,,,,,,,,git:fc6b2b4b
2026-08-12,IWM,Climatology,21,False,302.71,2026-09-10,269.6944,291.7092,304.1531,314.6464,329.5536,RESOLVED,2026-09-11,288.1375,-4.814,0.477,5.558,5.057,True,False,False,git:fc6b2b4b
2026-08-12,IYR,Climatology,189,False,103.51,2027-05-03,93.2893,105.0497,111.6659,116.2818,126.0679,PENDING,,,,,,,,,,git:fc6b2b4b
2026-08-12,JPM,Credit-Regime,252,True,365.18,2027-07-30,189.3015,217.525,271.7601,481.3494,489.8456,PENDING,,,,,,,,,,git:fc6b2b4b
2026-08-12,MSFT,Climatology,189,False,492.43,2027-05-03,445.3432,488.1012,561.8387,653.8351,826.2629,PENDING,,,,,,,,,,git:fc6b2b4b
2026-08-12,QQQ,Climatology,21,False,723.7,2026-09-10,673.6484,712.1992,736.1018,756.9049,775.6328,RESOLVED,2026-09-11,714.1359,-1.322,1.714,3.076,1.339,True,True,False,git:fc6b2b4b
2026-08-12,SPY,Climatology,189,False,772.49,2027-05-03,737.9848,796.6647,843.1055,866.8097,940.2769,PENDING,,,,,,,,,,git:fc6b2b4b
2026-08-12,VOX,Climatology,252,False,185.16,2027-07-30,147.0245,179.8166,207.3543,223.2909,235.2193,PENDING,,,,,,,,,,git:fc6b2b4b
2026-08-12,VTI,Climatology,189,False,381.83,2027-05-03,369.9171,399.9652,423.2602,432.7025,455.9397,PENDING,,,,,,,,,,git:fc6b2b4b
2026-08-12,XLB,Climatology,126,False,52.58,2027-02-04,46.3152,49.9273,54.053,59.9094,62.8818,PENDING,,,,,,,,,,git:fc6b2b4b
2026-08-12,XLE,Credit-Regime,252,False,61.03,2027-07-30,50.4668,52.249,53.4703,60.5658,60.5826,PENDING,,,,,,,,,,git:fc6b2b4b
2026-08-12,XLF,Climatology,189,False,57.92,2027-05-03,49.7444,55.7134,63.0546,68.4285,73.8757,PENDING,,,,,,,,,,git:fc6b2b4b
2026-08-12,XLI,Credit-Regime,5,False,185.88,2026-08-19,182.4525,184.8032,187.0948,190.813,193.5306,RESOLVED,2026-08-19,181.4623,-2.377,0.654,3.104,2.435,False,False,False,git:fc6b2b4b
2026-08-12,XLK,Climatology,189,False,188.86,2027-05-03,152.389,190.8594,208.6849,222.9784,240.5371,PENDING,,,,,,,,,,git:fc6b2b4b
2026-08-12,XLP,Credit-Regime,252,False,85.08,2027-07-30,90.6818,91.4725,92.7846,96.3253,98.2071,PENDING,,,,,,,,,,git:fc6b2b4b
2026-08-12,XLU,VIX-Regime,126,False,43.84,2027-02-04,43.6119,44.8058,47.8159,48.8948,50.3493,PENDING,,,,,,,,,,git:fc6b2b4b
2026-08-12,XLV,Credit-Regime,1,False,168.44,2026-08-13,166.7141,167.8997,168.9166,169.8262,170.2468,RESOLVED,2026-08-13,167.7381,-0.417,0.283,0.703,0.418,True,False,False,git:fc6b2b4b
2026-08-12,XLY,Climatology,252,False,117.89,2027-07-30,102.847,118.1478,133.5011,140.801,152.2692,PENDING,,,,,,,,,,git:fc6b2b4b
2026-08-12,XOM,Credit-Regime,63,False,159.75,2026-11-08,148.69,151.5458,152.4765,156.4603,165.2771,PENDING,,,,,,,,,,git:fc6b2b4b
2026-08-13,AAPL,Credit-Regime,252,False,305.26,2027-07-31,362.6723,386.8228,412.503,493.8636,543.9397,PENDING,,,,,,,,,,git:0e6fba0d
2026-08-13,DIA,Climatology,126,False,537.91,2027-02-05,507.8475,530.6282,571.1032,604.6728,623.2112,PENDING,,,,,,,,,,git:0e6fba0d
2026-08-13,EURUSD=X,Credit-Regime,189,False,1.153,2027-05-04,1.0573,1.0672,1.0977,1.1165,1.1289,PENDING,,,,,,,,,,git:0e6fba0d
2026-08-13,GLD,VIX-Regime,189,True,398.96,2027-05-04,404.837,467.8678,473.6038,504.4748,531.8997,PENDING,,,,,,,,,,git:0e6fba0d
2026-08-13,IWM,Climatology,21,False,303.5,2026-09-11,267.6435,280.5396,302.9692,315.6967,325.2897,RESOLVED,2026-09-14,287.16,-5.384,-0.175,5.505,5.69,True,True,True,git:0e6fba0d
2026-08-13,IYR,Climatology,189,False,104.89,2027-05-04,99.331,106.2061,114.6779,125.2623,135.9533,PENDING,,,,,,,,,,git:0e6fba0d
2026-08-13,JPM,Credit-Regime,252,True,363.11,2027-07-31,184.0428,208.211,291.3198,484.143,484.37,PENDING,,,,,,,,,,git:0e6fba0d
2026-08-13,MSFT,Climatology,189,False,496.88,2027-05-04,447.3373,508.7477,572.9578,657.4363,738.0287,PENDING,,,,,,,,,,git:0e6fba0d
2026-08-13,QQQ,Climatology,21,False,732.07,2026-09-11,645.698,698.9442,739.5807,759.226,786.8981,RESOLVED,2026-09-14,708.4418,-3.228,1.026,4.395,3.335,True,True,False,git:0e6fba0d
2026-08-13,SPY,Climatology,189,False,777.88,2027-05-04,725.4805,794.1659,856.2434,880.5467,959.1234,PENDING,,,,,,,,,,git:0e6fba0d
2026-08-13,VOX,Climatology,252,False,188.52,2027-07-31,168.3075,191.7567,212.1249,230.1843,245.7342,PENDING,,,,,,,,,,git:0e6fba0d
2026-08-13,VTI,Climatology,189,False,384.3,2027-05-04,365.4952,395.0935,429.5733,440.92,474.9063,PENDING,,,,,,,,,,git:0e6fba0d
2026-08-13,XLB,Climatology,126,False,52.31,2027-02-05,51.3941,53.2439,55.1565,59.8402,62.1435,PENDING,,,,,,,,,,git:0e6fba0d
2026-08-13,XLE,Credit-Regime,252,False,61.06,2027-07-31,50.0065,50.6271,52.7521,58.8335,59.6387,PENDING,,,,,,,,,,git:0e6fba0d
2026-08-13,XLF,Climatology,189,False,58.26,2027-05-04,51.8448,54.603,63.6375,72.547,73.9091,PENDING,,,,,,,,,,git:0e6fba0d
2026-08-13,XLI,Credit-Regime,5,False,185.79,2026-08-20,182.314,184.6981,186.8885,190.2643,192.4995,RESOLVED,2026-08-20,179.2881,-3.5,0.591,4.239,3.626,False,False,False,git:0e6fba0d
2026-08-13,XLK,Climatology,189,False,190.77,2027-05-04,170.4906,188.9157,208.9213,232.2257,264.8901,PENDING,,,,,,,,,,git:0e6fba0d
2026-08-13,XLP,Credit-Regime,252,False,86.0,2027-07-31,92.0192,94.4052,95.1078,97.8344,97.902,PENDING,,,,,,,,,,git:0e6fba0d
2026-08-13,XLU,VIX-Regime,126,False,44.04,2027-02-05,44.4986,45.3411,47.8979,49.5435,50.8288,PENDING,,,,,,,,,,git:0e6fba0d
2026-08-13,XLV,Credit-Regime,1,False,168.38,2026-08-14,166.7225,167.7786,168.8882,169.7242,170.1447,RESOLVED,2026-08-14,166.7319,-0.979,0.302,1.293,0.988,True,False,False,git:0e6fba0d
2026-08-13,XLY,Climatology,252,False,118.45,2027-07-31,104.1821,127.8563,133.2132,142.6729,153.5833,PENDING,,,,,,,,,,git:0e6fba0d
2026-08-13,XOM,Credit-Regime,63,False,158.61,2026-11-09,143.7149,152.8038,153.0355,158.1443,162.2779,PENDING,,,,,,,,,,git:0e6fba0d
2026-08-14,AAPL,Credit-Regime,252,False,305.93,2027-08-01,369.9507,393.7502,441.5414,494.795,546.8917,PENDING,,,,,,,,,,git:0a687a83
2026-08-14,DIA,Climatology,126,False,536.8,2027-02-06,506.5473,529.7434,558.066,578.1275,601.3967,PENDING,,,,,,,,,,git:0a687a83
2026-08-14,EURUSD=X,Credit-Regime,189,False,1.1573,2027-05-05,1.0574,1.0774,1.1103,1.1137,1.1349,PENDING,,,,,,,,,,git:0a687a83
2026-08-14,GLD,VIX-Regime,189,True,401.48,2027-05-05,392.8324,397.3349,477.2603,516.6019,521.8819,PENDING,,,,,,,,,,git:0a687a83
2026-08-14,IWM,Climatology,21,False,305.09,2026-09-12,271.9422,275.9782,300.0443,314.8703,320.7838,RESOLVED,2026-09-15,285.14,-6.539,-1.654,5.227,6.997,True,True,True,git:0a687a83
2026-08-14,IYR,Climatology,189,False,105.06,2027-05-05,100.3958,106.6888,118.86,127.5067,140.5357,PENDING,,,,,,,,,,git:0a687a83
2026-08-14,JPM,Credit-Regime,252,True,362.84,2027-08-01,188.4501,205.0612,276.6033,463.3876,465.4675,PENDING,,,,,,,,,,git:0a687a83
2026-08-14,MSFT,Climatology,189,False,495.4,2027-05-05,469.3066,525.7276,575.9022,642.5001,758.8047,PENDING,,,,,,,,,,git:0a687a83
2026-08-14,QQQ,Climatology,21,False,731.07,2026-09-12,618.7317,691.424,729.0448,756.3978,765.7993,RESOLVED,2026-09-15,703.8066,-3.729,-0.277,3.586,3.874,True,True,True,git:0a687a83
2026-08-14,SPY,Climatology,189,False,776.34,2027-05-05,751.6904,827.6941,861.8291,942.0448,959.6874,PENDING,,,,,,,,,,git:0a687a83
2026-08-14,VOX,Climatology,252,False,189.18,2027-08-01,170.9522,184.864,210.9118,219.2284,238.2762,PENDING,,,,,,,,,,git:0a687a83
2026-08-14,VTI,Climatology,189,False,383.85,2027-05-05,371.4572,413.2025,428.3404,464.5874,480.3845,PENDING,,,,,,,,,,git:0a687a83
2026-08-14,XLB,Climatology,126,False,52.54,2027-02-06,49.9753,52.4678,54.0671,56.1645,58.8864,PENDING,,,,,,,,,,git:0a687a83
2026-08-14,XLE,Credit-Regime,252,False,61.91,2027-08-01,50.563,51.4264,52.946,62.1427,62.4403,PENDING,,,,,,,,,,git:0a687a83
2026-08-14,XLF,Climatology,189,False,58.16,2027-05-05,51.1946,61.4797,64.1278,71.9769,74.9985,PENDING,,,,,,,,,,git:0a687a83
2026-08-14,XLI,Credit-Regime,5,False,186.51,2026-08-21,183.0669,185.4103,187.7352,190.2691,193.1851,RESOLVED,2026-08-21,179.7669,-3.615,0.657,4.433,3.751,False,False,False,git:0a687a83
2026-08-14,XLK,Climatology,189,False,190.01,2027-05-05,170.7264,198.3599,221.794,238.9007,257.036,PENDING,,,,,,,,,,git:0a687a83
2026-08-14,XLP,Credit-Regime,252,False,86.09,2027-08-01,91.8852,92.0759,93.5251,96.8086,98.9954,PENDING,,,,,,,,,,git:0a687a83
2026-08-14,XLU,VIX-Regime,126,False,44.31,2027-02-06,44.8496,45.4001,48.0532,49.5318,50.5362,PENDING,,,,,,,,,,git:0a687a83
2026-08-14,XLV,Credit-Regime,1,False,167.37,2026-08-15,165.9014,166.6437,167.0871,168.1151,169.1262,RESOLVED,2026-08-17,166.4131,-0.572,-0.169,0.405,0.575,True,False,True,git:0a687a83
2026-08-14,XLY,Climatology,252,False,118.2,2027-08-01,108.4105,125.8903,130.6988,139.8376,144.9125,PENDING,,,,,,,,,,git:0a687a83
2026-08-14,XOM,Credit-Regime,63,False,160.1,2026-11-10,149.3024,151.6601,152.36,156.7572,165.2557,PENDING,,,,,,,,,,git:0a687a83
2026-08-18,AAPL,Credit-Regime,252,False,310.03,2027-08-05,360.9537,388.8512,421.1947,493.6057,534.6747,PENDING,,,,,,,,,,git:2682a8a1
2026-08-18,DIA,Climatology,126,False,532.91,2027-02-10,512.0383,534.9341,556.8039,581.4731,627.2246,PENDING,,,,,,,,,,git:2682a8a1
2026-08-18,EURUSD=X,Credit-Regime,189,False,1.1583,2027-05-09,1.049,1.0671,1.0983,1.1016,1.1396,PENDING,,,,,,,,,,git:2682a8a1
2026-08-18,GLD,VIX-Regime,189,True,398.55,2027-05-09,444.7803,465.3377,466.2835,509.0474,548.809,PENDING,,,,,,,,,,git:2682a8a1
2026-08-18,IWM,Climatology,21,False,300.23,2026-09-16,281.0253,289.2015,297.9247,306.9504,315.8317,RESOLVED,2026-09-17,285.43,-4.93,-0.768,4.378,5.185,True,False,True,git:2682a8a1
2026-08-18,IYR,Climatology,189,False,103.76,2027-05-09,92.2264,101.9148,111.4793,118.6648,123.0661,PENDING,,,,,,,,,,git:2682a8a1
2026-08-18,JPM,Credit-Regime,252,True,363.25,2027-08-05,197.4405,240.8105,383.8375,485.4964,508.0796,PENDING,,,,,,,,,,git:2682a8a1
2026-08-18,MSFT,Climatology,189,False,481.63,2027-05-09,441.607,483.3023,550.8955,648.447,830.1872,PENDING,,,,,,,,,,git:2682a8a1
2026-08-18,QQQ,Climatology,21,False,717.51,2026-09-16,669.045,699.7101,725.8585,734.256,748.3875,RESOLVED,2026-09-17,716.1737,-0.186,1.164,1.352,0.187,True,True,False,git:2682a8a1
2026-08-18,SPY,Climatology,189,False,767.45,2027-05-09,690.6369,781.4251,855.8579,911.7452,949.2335,PENDING,,,,,,,,,,git:2682a8a1
2026-08-18,VOX,Climatology,252,False,184.36,2027-08-05,167.0938,191.7337,207.6156,218.7444,238.1516,PENDING,,,,,,,,,,git:2682a8a1
2026-08-18,VTI,Climatology,189,False,379.04,2027-05-09,326.4071,388.1195,424.0498,439.5296,466.4816,PENDING,,,,,,,,,,git:2682a8a1
2026-08-18,XLB,Climatology,126,False,51.78,2027-02-10,48.1009,51.1175,52.7181,58.1973,63.5655,PENDING,,,,,,,,,,git:2682a8a1
2026-08-18,XLE,Credit-Regime,252,False,63.68,2027-08-05,50.0789,54.1428,56.0222,61.5503,63.4863,PENDING,,,,,,,,,,git:2682a8a1
2026-08-18,XLF,Climatology,189,False,57.84,2027-05-09,45.5561,54.0699,64.5936,70.3055,72.4937,PENDING,,,,,,,,,,git:2682a8a1
2026-08-18,XLI,Credit-Regime,5,False,183.57,2026-08-25,180.4906,183.0587,183.8568,186.9867,189.7253,RESOLVED,2026-08-25,177.9218,-3.077,0.156,3.336,3.175,False,False,False,git:2682a8a1
2026-08-18,XLK,Climatology,189,False,185.62,2027-05-09,138.8535,180.3435,204.7609,221.4262,244.4662,PENDING,,,,,,,,,,git:2682a8a1
2026-08-18,XLP,Credit-Regime,252,False,85.58,2027-08-05,90.9314,91.1141,93.7306,96.7968,98.2941,PENDING,,,,,,,,,,git:2682a8a1
2026-08-18,XLU,VIX-Regime,126,False,44.02,2027-02-10,44.407,44.9448,47.7174,49.0125,51.0942,PENDING,,,,,,,,,,git:2682a8a1
2026-08-18,XLV,Credit-Regime,1,False,169.73,2026-08-19,167.978,169.1833,169.6143,170.9117,172.1699,RESOLVED,2026-08-19,175.0102,3.111,-0.068,3.083,3.017,False,False,False,git:2682a8a1
2026-08-18,XLY,Climatology,252,False,116.36,2027-08-05,110.2844,121.533,132.2192,143.1307,149.1385,PENDING,,,,,,,,,,git:2682a8a1
2026-08-18,XOM,Credit-Regime,63,False,165.56,2026-11-14,153.5924,158.204,160.6503,163.0346,170.2395,PENDING,,,,,,,,,,git:2682a8a1
2026-08-19,AAPL,Credit-Regime,252,False,316.83,2027-08-06,389.1758,400.9441,453.8994,498.8607,540.0102,PENDING,,,,,,,,,,git:75548f44
2026-08-19,DIA,Climatology,126,False,534.27,2027-02-11,496.9031,526.565,554.3312,596.844,640.2191,PENDING,,,,,,,,,,git:75548f44
2026-08-19,EURUSD=X,Credit-Regime,189,False,1.1579,2027-05-10,1.0461,1.0556,1.092,1.1183,1.1303,PENDING,,,,,,,,,,git:75548f44
2026-08-19,GLD,VIX-Regime,189,True,413.84,2027-05-10,417.6804,489.0591,490.3398,538.3282,552.1213,PENDING,,,,,,,,,,git:75548f44
2026-08-19,IWM,Climatology,21,False,301.72,2026-09-17,281.946,291.8221,304.3103,312.3621,320.1779,RESOLVED,2026-09-18,284.1,-5.84,0.859,7.114,6.202,True,False,False,git:75548f44
2026-08-19,IYR,Climatology,189,False,104.79,2027-05-10,97.7018,104.3158,113.3399,119.0595,126.1003,PENDING,,,,,,,,,,git:75548f44
2026-08-19,JPM,Credit-Regime,252,True,357.26,2027-08-06,199.8481,221.8008,282.8497,445.2291,457.2862,PENDING,,,,,,,,,,git:75548f44
2026-08-19,MSFT,Climatology,189,False,484.31,2027-05-10,453.4538,478.9323,573.4686,633.3804,791.7617,PENDING,,,,,,,,,,git:75548f44
2026-08-19,QQQ,Climatology,21,False,716.08,2026-09-17,667.2917,707.8083,729.049,742.3141,767.5737,RESOLVED,2026-09-18,720.699,0.645,1.811,1.159,0.641,True,True,True,git:75548f44
2026-08-19,SPY,Climatology,189,False,769.06,2027-05-10,709.5518,790.488,846.8862,877.8542,932.6924,PENDING,,,,,,,,,,git:75548f44
2026-08-19,VOX,Climatology,252,False,185.67,2027-08-06,148.2601,184.0766,205.0812,222.7837,240.359,PENDING,,,,,,,,,,git:75548f44
2026-08-19,VTI,Climatology,189,False,379.99,2027-05-10,366.1744,395.7871,427.3306,434.4549,443.9767,PENDING,,,,,,,,,,git:75548f44
2026-08-19,XLB,Climatology,126,False,52.52,2027-02-11,49.0104,51.1075,53.8211,58.6267,65.7532,PENDING,,,,,,,,,,git:75548f44
2026-08-19,XLE,Credit-Regime,252,False,63.58,2027-08-06,50.5454,50.6544,51.3484,62.1842,62.9926,PENDING,,,,,,,,,,git:75548f44
2026-08-19,XLF,Climatology,189,False,57.48,2027-05-10,49.0521,53.5728,64.1538,67.143,71.4506,PENDING,,,,,,,,,,git:75548f44
2026-08-19,XLI,Credit-Regime,5,False,181.95,2026-08-26,178.5878,181.2118,182.5992,184.8566,187.4268,RESOLVED,2026-08-26,179.8566,-1.151,0.357,1.525,1.164,True,False,False,git:75548f44
2026-08-19,XLK,Climatology,189,False,183.64,2027-05-10,144.9852,187.7513,204.4304,216.7143,246.6825,PENDING,,,,,,,,,,git:75548f44
2026-08-19,XLP,Credit-Regime,252,False,86.54,2027-08-06,92.6643,93.2278,95.0996,98.0136,99.2751,PENDING,,,,,,,,,,git:75548f44
2026-08-19,XLU,VIX-Regime,126,False,44.02,2027-02-11,44.0958,44.3026,48.1511,50.1942,51.996,PENDING,,,,,,,,,,git:75548f44
2026-08-19,XLV,Credit-Regime,1,False,175.68,2026-08-20,173.8371,174.9481,175.9673,176.7835,178.7416,RESOLVED,2026-08-20,171.7328,-2.247,0.164,2.466,2.298,False,False,False,git:75548f44
2026-08-19,XLY,Climatology,252,False,118.59,2027-08-06,103.3213,122.4463,130.8283,143.5801,154.32,PENDING,,,,,,,,,,git:75548f44
2026-08-19,XOM,Credit-Regime,63,False,164.77,2026-11-15,152.3321,158.2847,159.0478,163.2861,167.3744,PENDING,,,,,,,,,,git:75548f44
2026-08-20,AAPL,Credit-Regime,252,False,311.3,2027-08-07,369.5639,386.4657,450.662,490.587,537.2823,PENDING,,,,,,,,,,git:051c9452
2026-08-20,DIA,Climatology,126,False,527.51,2027-02-12,502.7074,516.9033,545.7884,588.6248,628.8029,PENDING,,,,,,,,,,git:051c9452
2026-08-20,EURUSD=X,Credit-Regime,189,False,1.1674,2027-05-11,1.0859,1.0886,1.1227,1.1556,1.1603,PENDING,,,,,,,,,,git:051c9452
2026-08-20,GLD,VIX-Regime,189,True,415.26,2027-05-11,420.9758,446.4061,489.3516,529.6087,554.1432,PENDING,,,,,,,,,,git:051c9452
2026-08-20,IWM,Climatology,21,False,297.67,2026-09-18,275.7492,285.7657,297.6413,305.4341,310.2138,RESOLVED,2026-09-21,285.58,-4.062,-0.01,4.223,4.233,True,False,True,git:051c9452
2026-08-20,IYR,Climatology,189,False,104.78,2027-05-11,99.2985,106.8185,114.2227,120.9889,137.6987,PENDING,,,,,,,,,,git:051c9452
2026-08-20,JPM,Credit-Regime,252,True,351.55,2027-08-07,177.9982,218.089,275.6966,430.2731,430.9969,PENDING,,,,,,,,,,git:051c9452
2026-08-20,MSFT,Climatology,189,False,481.15,2027-05-11,435.1112,486.7097,563.3634,633.9646,725.1076,PENDING,,,,,,,,,,git:051c9452
2026-08-20,QQQ,Climatology,21,False,710.93,2026-09-18,652.2835,698.4321,723.8287,743.043,757.3423,RESOLVED,2026-09-21,741.47,4.296,1.814,2.379,4.119,True,True,True,git:051c9452
2026-08-20,SPY,Climatology,189,False,762.6,2027-05-11,692.0397,791.5153,841.9521,868.0922,932.0292,PENDING,,,,,,,,,,git:051c9452
2026-08-20,VOX,Climatology,252,False,184.49,2027-08-07,166.0959,186.0346,221.2096,222.6456,244.1844,PENDING,,,,,,,,,,git:051c9452
2026-08-20,VTI,Climatology,189,False,376.58,2027-05-11,360.5103,395.9144,418.7648,434.7436,458.7862,PENDING,,,,,,,,,,git:051c9452
2026-08-20,XLB,Climatology,126,False,52.42,2027-02-12,49.7365,52.1533,55.8164,58.6956,64.3413,PENDING,,,,,,,,,,git:051c9452
2026-08-20,XLE,Credit-Regime,252,False,63.75,2027-08-07,50.1015,50.7064,51.7831,61.289,62.1221,PENDING,,,,,,,,,,git:051c9452
2026-08-20,XLF,Climatology,189,False,56.95,2027-05-11,48.6465,53.2697,63.9819,68.4377,71.5265,PENDING,,,,,,,,,,git:051c9452
2026-08-20,XLI,Credit-Regime,5,False,179.77,2026-08-27,175.8681,177.5044,180.1909,182.5913,184.4717,RESOLVED,2026-08-27,178.3207,-0.806,0.234,1.049,0.813,True,True,False,git:051c9452
2026-08-20,XLK,Climatology,189,False,183.1,2027-05-11,160.6315,185.3806,204.2132,222.0003,253.9334,PENDING,,,,,,,,,,git:051c9452
2026-08-20,XLP,Credit-Regime,252,False,85.32,2027-08-07,91.3353,91.9702,93.0873,96.7921,97.5212,PENDING,,,,,,,,,,git:051c9452
2026-08-20,XLU,VIX-Regime,126,False,43.77,2027-02-12,43.6863,44.5872,47.7098,49.1877,51.036,PENDING,,,,,,,,,,git:051c9452
2026-08-20,XLV,Credit-Regime,1,False,172.39,2026-08-21,169.8288,171.4237,172.496,173.5275,174.9291,RESOLVED,2026-08-21,173.9543,0.907,0.061,0.838,0.899,True,False,True,git:051c9452
2026-08-20,XLY,Climatology,252,False,116.68,2027-08-07,105.7495,123.9672,129.1897,143.0498,152.0982,PENDING,,,,,,,,,,git:051c9452
2026-08-20,XOM,Credit-Regime,63,False,166.15,2026-11-16,151.3945,157.3017,159.3995,164.5491,171.8508,PENDING,,,,,,,,,,git:051c9452
2026-08-21,AAPL,Credit-Regime,252,False,309.35,2027-08-08,352.4708,391.8787,440.2178,499.3864,502.7182,PENDING,,,,,,,,,,git:7bdad659
2026-08-21,DIA,Climatology,126,False,532.22,2027-02-13,502.279,521.8329,548.6573,561.0867,590.3324,PENDING,,,,,,,,,,git:7bdad659
2026-08-21,EURUSD=X,Credit-Regime,189,False,1.1678,2027-05-12,1.0832,1.089,1.1231,1.156,1.1665,PENDING,,,,,,,,,,git:7bdad659
2026-08-21,GLD,VIX-Regime,189,True,423.36,2027-05-12,446.7619,458.8457,473.7169,526.4945,551.4471,PENDING,,,,,,,,,,git:7bdad659
2026-08-21,IWM,Climatology,21,False,299.96,2026-09-19,273.9715,286.2917,297.4979,304.2613,313.5897,RESOLVED,2026-09-22,287.21,-4.251,-0.821,3.582,4.439,True,True,True,git:7bdad659
2026-08-21,IYR,Climatology,189,False,104.73,2027-05-12,99.6828,106.8526,117.7127,135.2794,139.7173,PENDING,,,,,,,,,,git:7bdad659
2026-08-21,JPM,Credit-Regime,252,True,351.58,2027-08-08,192.6748,222.3336,354.7197,402.9986,458.264,PENDING,,,,,,,,,,git:7bdad659
2026-08-21,MSFT,Climatology,189,False,483.24,2027-05-12,435.6816,517.2045,594.0555,639.532,719.0242,PENDING,,,,,,,,,,git:7bdad659
2026-08-21,QQQ,Climatology,21,False,713.44,2026-09-19,658.3008,682.2654,721.4829,732.9974,767.3444,RESOLVED,2026-09-22,747.46,4.768,1.127,3.475,4.551,True,False,True,git:7bdad659
2026-08-21,SPY,Climatology,189,False,765.72,2027-05-12,736.3455,824.9204,855.4691,915.4665,941.4797,PENDING,,,,,,,,,,git:7bdad659
2026-08-21,VOX,Climatology,252,False,185.96,2027-08-08,166.5311,186.5034,203.8978,223.6961,232.5643,PENDING,,,,,,,,,,git:7bdad659
2026-08-21,VTI,Climatology,189,False,378.24,2027-05-12,359.7616,417.1524,428.0838,453.4973,465.9914,PENDING,,,,,,,,,,git:7bdad659
2026-08-21,XLB,Climatology,126,False,53.54,2027-02-13,51.9036,52.8193,54.3455,56.8428,59.2731,PENDING,,,,,,,,,,git:7bdad659
2026-08-21,XLE,Credit-Regime,252,False,63.64,2027-08-08,51.4799,51.5639,52.2977,61.6779,61.7004,PENDING,,,,,,,,,,git:7bdad659
2026-08-21,XLF,Climatology,189,False,57.48,2027-05-12,48.0279,60.5148,65.2817,70.0536,72.5476,PENDING,,,,,,,,,,git:7bdad659
2026-08-21,XLI,Credit-Regime,5,False,180.25,2026-08-28,174.4786,177.2105,180.5759,183.434,185.6235,RESOLVED,2026-08-28,176.6652,-1.989,0.181,2.214,2.029,True,False,False,git:7bdad659
2026-08-21,XLK,Climatology,189,False,183.31,2027-05-12,158.2225,197.3815,214.7702,230.7554,250.0036,PENDING,,,,,,,,,,git:7bdad659
2026-08-21,XLP,Credit-Regime,252,False,85.99,2027-08-08,93.2539,93.4681,94.0121,97.8722,98.9857,PENDING,,,,,,,,,,git:7bdad659
2026-08-21,XLU,VIX-Regime,126,False,42.77,2027-02-13,42.5428,43.5663,46.3821,47.595,49.2219,PENDING,,,,,,,,,,git:7bdad659
2026-08-21,XLV,Credit-Regime,1,False,174.62,2026-08-22,172.484,174.1565,174.5274,176.0576,177.4233,RESOLVED,2026-08-24,174.034,-0.336,-0.053,0.284,0.337,True,False,True,git:7bdad659
2026-08-21,XLY,Climatology,252,False,118.02,2027-08-08,103.7734,121.515,129.8148,141.2747,155.6406,PENDING,,,,,,,,,,git:7bdad659
2026-08-21,XOM,Credit-Regime,63,False,165.11,2026-11-17,150.2694,157.2282,158.9309,160.6884,169.3866,PENDING,,,,,,,,,,git:7bdad659
2026-08-24,AAPL,Credit-Regime,252,False,310.34,2027-08-11,350.7382,374.3511,426.9406,466.4791,540.9586,PENDING,,,,,,,,,,git:644a914b
2026-08-24,DIA,Climatology,126,False,533.65,2027-02-16,516.9337,538.0446,551.9953,569.5097,614.7833,PENDING,,,,,,,,,,git:644a914b
2026-08-24,EURUSD=X,Credit-Regime,189,False,1.1682,2027-05-15,1.0809,1.1048,1.1321,1.1467,1.1535,PENDING,,,,,,,,,,git:644a914b
2026-08-24,GLD,VIX-Regime,189,True,426.69,2027-05-15,431.394,440.9498,509.4003,527.6631,581.7282,PENDING,,,,,,,,,,git:644a914b
2026-08-24,IWM,Climatology,21,False,297.97,2026-09-22,282.2341,290.2338,301.4701,308.3409,317.8436,RESOLVED,2026-09-23,281.92,-5.386,1.175,6.935,5.693,False,False,False,git:644a914b
2026-08-24,IYR,Climatology,189,False,105.39,2027-05-15,91.4543,98.3465,116.4008,122.7064,139.5044,PENDING,,,,,,,,,,git:644a914b
2026-08-24,JPM,Credit-Regime,252,True,356.39,2027-08-11,180.5895,224.4741,280.0397,454.1942,458.9055,PENDING,,,,,,,,,,git:644a914b
2026-08-24,MSFT,Climatology,189,False,487.31,2027-05-15,425.6839,459.8315,555.6993,697.7555,844.9318,PENDING,,,,,,,,,,git:644a914b
2026-08-24,QQQ,Climatology,21,False,706.32,2026-09-22,683.4708,701.3219,717.0873,735.3434,745.5576,RESOLVED,2026-09-23,741.21,4.94,1.524,3.255,4.707,True,False,True,git:644a914b
2026-08-24,SPY,Climatology,189,False,763.47,2027-05-15,680.1337,741.6903,870.8585,932.8625,954.6857,PENDING,,,,,,,,,,git:644a914b
2026-08-24,VOX,Climatology,252,False,187.35,2027-08-11,162.8378,187.3078,203.7595,223.5088,236.4255,PENDING,,,,,,,,,,git:644a914b
2026-08-24,VTI,Climatology,189,False,377.07,2027-05-15,313.944,386.5433,429.1405,448.9476,476.5608,PENDING,,,,,,,,,,git:644a914b
2026-08-24,XLB,Climatology,126,False,53.58,2027-02-16,50.5021,51.927,53.3334,57.1242,63.8992,PENDING,,,,,,,,,,git:644a914b
2026-08-24,XLE,Credit-Regime,252,False,63.11,2027-08-11,50.4689,51.293,53.2597,58.5023,63.9922,PENDING,,,,,,,,,,git:644a914b
2026-08-24,XLF,Climatology,189,False,58.22,2027-05-15,44.5127,53.529,66.9451,72.2608,72.9995,PENDING,,,,,,,,,,git:644a914b
2026-08-24,XLI,Credit-Regime,5,False,179.0,2026-08-31,173.2242,176.2261,179.5166,181.3209,183.692,RESOLVED,2026-08-31,174.6606,-2.424,0.289,2.78,2.484,True,False,False,git:644a914b
2026-08-24,XLK,Climatology,189,False,180.05,2027-05-15,126.0068,168.5253,206.1618,222.2611,244.1776,PENDING,,,,,,,,,,git:644a914b
2026-08-24,XLP,Credit-Regime,252,False,87.45,2027-08-11,93.8505,94.6334,95.2166,99.782,100.8102,PENDING,,,,,,,,,,git:644a914b
2026-08-24,XLU,VIX-Regime,126,False,43.22,2027-02-16,43.6022,44.1667,46.661,48.0753,49.1704,PENDING,,,,,,,,,,git:644a914b
2026-08-24,XLV,Credit-Regime,1,False,174.7,2026-08-25,172.6883,173.9411,175.1387,176.0778,177.8746,RESOLVED,2026-08-25,174.6217,-0.045,0.251,0.296,0.045,True,True,False,git:644a914b
2026-08-24,XLY,Climatology,252,False,118.3,2027-08-11,110.3198,123.7646,126.6884,140.1697,149.702,PENDING,,,,,,,,,,git:644a914b
2026-08-24,XOM,Credit-Regime,63,False,164.05,2026-11-20,149.6702,156.4041,158.5152,159.6492,171.9264,PENDING,,,,,,,,,,git:644a914b
2026-08-25,AAPL,Credit-Regime,252,False,309.9,2027-08-12,358.2659,379.8449,416.0162,488.8761,535.8578,PENDING,,,,,,,,,,git:bf1a6cb4
2026-08-25,DIA,Climatology,126,False,535.24,2027-02-17,517.2242,530.7847,554.6022,577.2873,625.5229,PENDING,,,,,,,,,,git:bf1a6cb4
2026-08-25,EURUSD=X,Credit-Regime,189,False,1.1668,2027-05-16,1.0621,1.0824,1.1204,1.1537,1.1573,PENDING,,,,,,,,,,git:bf1a6cb4
2026-08-25,GLD,VIX-Regime,189,True,428.07,2027-05-16,437.7068,506.2128,509.6214,568.6054,571.1754,PENDING,,,,,,,,,,git:bf1a6cb4
2026-08-25,IWM,Climatology,21,False,299.23,2026-09-23,293.4397,296.4243,300.779,309.7544,327.9969,RESOLVED,2026-09-24,281.66,-5.872,0.518,6.788,6.238,False,False,False,git:bf1a6cb4
2026-08-25,IYR,Climatology,189,False,105.46,2027-05-16,92.9709,103.1764,112.7547,121.5815,126.2323,PENDING,,,,,,,,,,git:bf1a6cb4
2026-08-25,JPM,Credit-Regime,252,True,356.69,2027-08-12,189.1665,213.4568,324.4566,443.4487,478.4505,PENDING,,,,,,,,,,git:bf1a6cb4
2026-08-25,MSFT,Climatology,189,False,491.71,2027-05-16,423.4301,486.2897,552.2223,653.0391,830.5204,PENDING,,,,,,,,,,git:bf1a6cb4
2026-08-25,QQQ,Climatology,21,False,710.72,2026-09-23,708.037,716.961,725.1187,745.897,765.2022,RESOLVED,2026-09-24,741.1,4.275,2.026,2.156,4.099,True,True,True,git:bf1a6cb4
2026-08-25,SPY,Climatology,189,False,765.91,2027-05-16,662.3531,791.5661,870.8086,902.4031,948.8896,PENDING,,,,,,,,,,git:bf1a6cb4
2026-08-25,VOX,Climatology,252,False,189.03,2027-08-12,168.6034,195.6596,208.8768,224.1546,242.3773,PENDING,,,,,,,,,,git:bf1a6cb4
2026-08-25,VTI,Climatology,189,False,378.15,2027-05-16,325.4849,392.3596,430.9246,441.8856,453.616,PENDING,,,,,,,,,,git:bf1a6cb4
2026-08-25,XLB,Climatology,126,False,53.58,2027-02-17,49.1584,51.0002,53.323,57.0154,65.9686,PENDING,,,,,,,,,,git:bf1a6cb4
2026-08-25,XLE,Credit-Regime,252,False,62.06,2027-08-12,49.0509,49.7447,51.3082,61.5285,61.6257,PENDING,,,,,,,,,,git:bf1a6cb4
2026-08-25,XLF,Climatology,189,False,58.31,2027-05-16,45.0082,55.2097,66.5469,71.9297,74.0732,PENDING,,,,,,,,,,git:bf1a6cb4
2026-08-25,XLI,Credit-Regime,5,False,178.4,2026-09-01,174.8588,176.7198,178.2486,180.3865,182.9369,RESOLVED,2026-09-01,172.267,-3.438,-0.085,3.472,3.56,False,False,True,git:bf1a6cb4
2026-08-25,XLK,Climatology,189,False,181.74,2027-05-16,125.4115,179.182,205.9354,216.8977,238.0712,PENDING,,,,,,,,,,git:bf1a6cb4
2026-08-25,XLP,Credit-Regime,252,False,86.52,2027-08-12,92.4507,92.6418,92.9661,98.5476,99.7367,PENDING,,,,,,,,,,git:bf1a6cb4
2026-08-25,XLU,VIX-Regime,126,False,43.31,2027-02-17,43.3746,43.6377,47.3199,48.4872,49.6913,PENDING,,,,,,,,,,git:bf1a6cb4
2026-08-25,XLV,Credit-Regime,1,False,175.29,2026-08-26,173.0262,173.9754,175.3917,176.5846,177.7777,RESOLVED,2026-08-26,172.8784,-1.376,0.058,1.454,1.395,False,False,False,git:bf1a6cb4
2026-08-25,XLY,Climatology,252,False,117.95,2027-08-12,110.9566,120.3885,132.4533,143.4822,148.7482,PENDING,,,,,,,,,,git:bf1a6cb4
2026-08-25,XOM,Credit-Regime,63,False,160.64,2026-11-21,145.1992,149.8225,158.6263,162.3298,164.6544,PENDING,,,,,,,,,,git:bf1a6cb4
2026-08-26,AAPL,Credit-Regime,252,False,313.45,2027-08-13,369.2133,373.2036,411.5127,477.8679,537.5992,PENDING,,,,,,,,,,git:87058854
2026-08-26,DIA,Climatology,126,False,534.23,2027-02-18,512.516,524.7141,555.3957,597.729,632.6486,PENDING,,,,,,,,,,git:87058854
2026-08-26,EURUSD=X,Credit-Regime,189,False,1.1675,2027-05-17,1.0554,1.0917,1.1263,1.1631,1.1684,PENDING,,,,,,,,,,git:87058854
2026-08-26,GLD,VIX-Regime,189,True,421.32,2027-05-17,459.7643,486.2935,494.3204,535.28,558.6949,PENDING,,,,,,,,,,git:87058854
2026-08-26,IWM,Climatology,21,False,298.93,2026-09-24,280.8859,297.5982,303.2627,308.9324,318.7844,RESOLVED,2026-09-25,281.97,-5.674,1.449,7.551,6.015,True,False,False,git:87058854
2026-08-26,IYR,Climatology,189,False,104.74,2027-05-17,96.4864,104.065,112.5094,122.0745,128.9535,PENDING,,,,,,,,,,git:87058854
2026-08-26,JPM,Credit-Regime,252,True,356.5,2027-08-13,190.2592,209.2263,286.012,415.8184,462.9729,PENDING,,,,,,,,,,git:87058854
2026-08-26,MSFT,Climatology,189,False,496.37,2027-05-17,448.9788,488.3786,567.5082,647.0149,786.8813,PENDING,,,,,,,,,,git:87058854
2026-08-26,QQQ,Climatology,21,False,711.37,2026-09-24,669.6281,717.9403,729.2937,752.5255,784.3792,RESOLVED,2026-09-25,744.5,4.657,2.52,2.042,4.45,True,True,True,git:87058854
2026-08-26,SPY,Climatology,189,False,766.08,2027-05-17,698.6518,792.3759,852.6797,900.6319,927.0429,PENDING,,,,,,,,,,git:87058854
2026-08-26,VOX,Climatology,252,False,187.97,2027-08-13,152.8011,186.4999,208.9633,221.5272,241.2198,PENDING,,,,,,,,,,git:87058854
2026-08-26,VTI,Climatology,189,False,378.23,2027-05-17,368.1933,390.7453,433.9762,445.6296,450.9083,PENDING,,,,,,,,,,git:87058854
2026-08-26,XLB,Climatology,126,False,53.67,2027-02-18,48.7924,51.3296,53.9911,62.2408,66.3057,PENDING,,,,,,,,,,git:87058854
2026-08-26,XLE,Credit-Regime,252,False,62.43,2027-08-13,49.2733,49.7675,51.3282,60.3275,62.1494,PENDING,,,,,,,,,,git:87058854
2026-08-26,XLF,Climatology,189,False,58.26,2027-05-17,48.9578,55.1227,65.7502,70.5483,74.3221,PENDING,,,,,,,,,,git:87058854
2026-08-26,XLI,Credit-Regime,5,False,180.34,2026-09-02,177.2227,178.1821,180.0673,182.5733,184.9221,RESOLVED,2026-09-02,172.3169,-4.449,-0.151,4.498,4.656,False,False,True,git:87058854
2026-08-26,XLK,Climatology,189,False,182.84,2027-05-17,136.0183,187.79,206.5458,222.5345,242.1752,PENDING,,,,,,,,,,git:87058854
2026-08-26,XLP,Credit-Regime,252,False,86.27,2027-08-13,92.48,92.7645,93.3794,97.9346,98.3753,PENDING,,,,,,,,,,git:87058854
2026-08-26,XLU,VIX-Regime,126,False,43.51,2027-02-18,43.5042,44.3143,47.0726,48.8641,50.5659,PENDING,,,,,,,,,,git:87058854
2026-08-26,XLV,Credit-Regime,1,False,173.54,2026-08-27,171.4308,171.7286,173.1726,174.1727,175.9024,RESOLVED,2026-08-27,170.9258,-1.506,-0.212,1.314,1.529,False,False,True,git:87058854
2026-08-26,XLY,Climatology,252,False,117.16,2027-08-13,106.843,118.789,132.0411,142.0326,149.7567,PENDING,,,,,,,,,,git:87058854
2026-08-26,XOM,Credit-Regime,63,False,158.19,2026-11-22,140.6014,147.0061,152.8877,154.9989,164.9737,PENDING,,,,,,,,,,git:87058854
2026-08-27,AAPL,Credit-Regime,252,False,314.58,2027-08-14,365.0564,376.1386,415.5005,448.7787,542.0098,PENDING,,,,,,,,,,git:89d1816e
2026-08-27,DIA,Climatology,126,False,535.22,2027-02-19,506.3248,522.0176,559.103,597.8159,633.1122,PENDING,,,,,,,,,,git:89d1816e
2026-08-27,EURUSD=X,Credit-Regime,189,False,1.1655,2027-05-18,1.0744,1.0761,1.1173,1.1463,1.1488,PENDING,,,,,,,,,,git:89d1816e
2026-08-27,GLD,VIX-Regime,189,True,422.6,2027-05-18,421.0494,456.5088,500.0535,529.4243,562.7612,PENDING,,,,,,,,,,git:89d1816e
2026-08-27,IWM,Climatology,21,False,299.81,2026-09-25,275.9216,294.5854,302.6058,311.3773,317.3192,RESOLVED,2026-09-28,280.02,-6.601,0.933,8.066,7.067,True,False,False,git:89d1816e
2026-08-27,IYR,Climatology,189,False,103.79,2027-05-18,99.7665,106.0877,111.8758,126.1179,140.0529,PENDING,,,,,,,,,,git:89d1816e
2026-08-27,JPM,Credit-Regime,252,True,354.22,2027-08-14,189.5495,218.7415,282.318,300.9534,440.141,PENDING,,,,,,,,,,git:89d1816e
2026-08-27,MSFT,Climatology,189,False,505.06,2027-05-18,461.9229,513.5609,578.1691,653.333,729.9791,PENDING,,,,,,,,,,git:89d1816e
2026-08-27,QQQ,Climatology,21,False,721.11,2026-09-25,655.5592,723.8652,744.7701,753.8227,790.682,RESOLVED,2026-09-28,736.53,2.138,3.281,1.119,2.094,True,True,True,git:89d1816e
2026-08-27,SPY,Climatology,189,False,771.1,2027-05-18,707.351,807.4464,849.8632,907.4981,942.6783,PENDING,,,,,,,,,,git:89d1816e
2026-08-27,VOX,Climatology,252,False,186.22,2027-08-14,162.6233,184.9448,214.1817,229.2622,241.6292,PENDING,,,,,,,,,,git:89d1816e
2026-08-27,VTI,Climatology,189,False,380.63,2027-05-18,366.5037,401.0379,439.1508,453.3476,467.8315,PENDING,,,,,,,,,,git:89d1816e
2026-08-27,XLB,Climatology,126,False,53.23,2027-02-19,50.523,52.5597,55.6834,60.7616,66.4169,PENDING,,,,,,,,,,git:89d1816e
2026-08-27,XLE,Credit-Regime,252,False,62.29,2027-08-14,48.2225,48.7816,50.0653,61.1612,61.5799,PENDING,,,,,,,,,,git:89d1816e
2026-08-27,XLF,Climatology,189,False,57.88,2027-05-18,49.733,55.0523,65.6149,69.9461,75.0138,PENDING,,,,,,,,,,git:89d1816e
2026-08-27,XLI,Credit-Regime,5,False,178.8,2026-09-03,175.6697,176.9963,178.2869,180.8912,184.2923,RESOLVED,2026-09-03,174.0921,-2.633,-0.287,2.41,2.704,False,False,True,git:89d1816e
2026-08-27,XLK,Climatology,189,False,188.61,2027-05-18,161.6503,196.7502,210.5252,233.769,246.6856,PENDING,,,,,,,,,,git:89d1816e
2026-08-27,XLP,Credit-Regime,252,False,85.08,2027-08-14,90.265,90.7393,93.1774,96.3352,96.9949,PENDING,,,,,,,,,,git:89d1816e
2026-08-27,XLU,VIX-Regime,126,False,43.18,2027-02-19,43.3047,43.7332,45.9336,48.4199,50.2927,PENDING,,,,,,,,,,git:89d1816e
2026-08-27,XLV,Credit-Regime,1,False,171.58,2026-08-28,169.5769,169.9274,171.2376,172.6718,174.173,RESOLVED,2026-08-28,170.5074,-0.625,-0.2,0.428,0.629,True,True,True,git:89d1816e
2026-08-27,XLY,Climatology,252,False,115.88,2027-08-14,104.4534,119.7396,128.3306,143.142,147.9453,PENDING,,,,,,,,,,git:89d1816e
2026-08-27,XOM,Credit-Regime,63,False,156.44,2026-11-23,143.5474,148.5582,152.6624,155.2794,160.3148,PENDING,,,,,,,,,,git:89d1816e
2026-08-31,AAPL,Credit-Regime,252,False,316.85,2027-08-18,361.7035,399.3139,431.919,486.9081,549.2152,PENDING,,,,,,,,,,git:429bf086
2026-08-31,DIA,Climatology,126,False,531.57,2027-02-23,509.6549,532.6934,548.8444,583.1084,607.1035,PENDING,,,,,,,,,,git:429bf086
2026-08-31,EURUSD=X,Credit-Regime,189,False,1.1589,2027-05-22,1.0422,1.0795,1.0899,1.1071,1.1374,PENDING,,,,,,,,,,git:429bf086
2026-08-31,GLD,VIX-Regime,189,True,408.42,2027-05-22,409.9731,442.9706,482.5722,498.8698,534.9928,PENDING,,,,,,,,,,git:429bf086
2026-08-31,IWM,Climatology,21,False,293.93,2026-09-29,272.9804,281.1246,301.993,310.2148,321.314,RESOLVED,2026-09-30,277.89,-5.457,2.743,8.674,5.772,True,False,False,git:429bf086
2026-08-31,IYR,Climatology,189,False,102.63,2027-05-22,91.5082,97.8252,115.1352,120.4226,135.0218,PENDING,,,,,,,,,,git:429bf086
2026-08-31,JPM,Credit-Regime,252,True,356.02,2027-08-18,181.7488,207.2673,395.6435,425.4096,464.8989,PENDING,,,,,,,,,,git:429bf086
2026-08-31,MSFT,Climatology,189,False,507.29,2027-05-22,442.9056,477.42,569.583,716.355,841.6754,PENDING,,,,,,,,,,git:429bf086
2026-08-31,QQQ,Climatology,21,False,716.76,2026-09-29,682.1258,704.1154,746.9681,762.5221,769.9947,RESOLVED,2026-09-30,739.77,3.21,4.215,0.973,3.11,True,True,True,git:429bf086
2026-08-31,SPY,Climatology,189,False,767.05,2027-05-22,663.8522,749.0015,879.8416,928.8431,959.5094,PENDING,,,,,,,,,,git:429bf086
2026-08-31,VOX,Climatology,252,False,186.51,2027-08-18,162.8134,187.1832,210.1865,227.0318,242.2456,PENDING,,,,,,,,,,git:429bf086
2026-08-31,VTI,Climatology,189,False,378.15,2027-05-22,322.4458,392.0973,432.0666,451.2525,478.7097,PENDING,,,,,,,,,,git:429bf086
2026-08-31,XLB,Climatology,126,False,52.69,2027-02-23,47.7839,51.2402,53.1263,56.9628,64.3327,PENDING,,,,,,,,,,git:429bf086
2026-08-31,XLE,Credit-Regime,252,False,63.96,2027-08-18,49.9541,50.497,51.3459,61.0024,61.3235,PENDING,,,,,,,,,,git:429bf086
2026-08-31,XLF,Climatology,189,False,57.71,2027-05-22,45.6218,52.9078,64.8895,71.9369,72.6167,PENDING,,,,,,,,,,git:429bf086
2026-08-31,XLI,Credit-Regime,5,False,175.13,2026-09-07,169.8869,171.4891,174.7054,176.8806,179.6941,RESOLVED,2026-09-08,173.9525,-0.672,-0.242,0.433,0.677,True,True,True,git:429bf086
2026-08-31,XLK,Climatology,189,False,186.5,2027-05-22,124.0404,171.1638,214.3157,234.3729,246.0438,PENDING,,,,,,,,,,git:429bf086
2026-08-31,XLP,Credit-Regime,252,False,84.98,2027-08-18,90.0921,90.9618,91.807,95.3315,97.9579,PENDING,,,,,,,,,,git:429bf086
2026-08-31,XLU,VIX-Regime,126,False,42.23,2027-02-23,42.1944,42.7791,46.1326,47.1075,49.343,PENDING,,,,,,,,,,git:429bf086
2026-08-31,XLV,Credit-Regime,1,False,170.54,2026-09-01,168.5251,169.307,170.5734,171.3471,173.2233,RESOLVED,2026-09-01,171.0155,0.279,0.02,0.259,0.278,True,True,True,git:429bf086
2026-08-31,XLY,Climatology,252,False,116.59,2027-08-18,112.767,117.6188,127.9274,137.3862,147.9762,PENDING,,,,,,,,,,git:429bf086
2026-08-31,XOM,Credit-Regime,63,False,160.95,2026-11-27,145.7071,151.5506,156.0438,156.0887,167.3902,PENDING,,,,,,,,,,git:429bf086
2026-09-01,AAPL,Credit-Regime,252,False,325.13,2027-08-19,386.4129,392.1213,435.9932,480.9824,572.2173,PENDING,,,,,,,,,,git:2a76211f
2026-09-01,DIA,Climatology,126,False,527.75,2027-02-24,509.5163,533.259,554.1352,580.6848,634.3025,PENDING,,,,,,,,,,git:2a76211f
2026-09-01,EURUSD=X,Credit-Regime,189,False,1.1618,2027-05-23,1.0478,1.0701,1.0933,1.1216,1.1523,PENDING,,,,,,,,,,git:2a76211f
2026-09-01,GLD,VIX-Regime,189,True,396.75,2027-05-23,440.8187,440.8952,471.188,532.6995,534.8105,PENDING,,,,,,,,,,git:2a76211f
2026-09-01,IWM,Climatology,21,False,290.57,2026-09-30,278.565,292.8666,301.0487,303.3475,318.8372,RESOLVED,2026-10-01,279.02,-3.975,3.606,7.895,4.139,True,False,False,git:2a76211f
2026-09-01,IYR,Climatology,189,False,102.45,2027-05-23,91.4001,98.2434,112.111,117.6663,122.5308,PENDING,,,,,,,,,,git:2a76211f
2026-09-01,JPM,Credit-Regime,252,True,354.95,2027-08-19,184.7957,217.5795,318.6918,458.1477,468.4466,PENDING,,,,,,,,,,git:2a76211f
2026-09-01,MSFT,Climatology,189,False,501.02,2027-05-23,440.6217,482.0479,565.4164,661.5254,789.3113,PENDING,,,,,,,,,,git:2a76211f
2026-09-01,QQQ,Climatology,21,False,707.64,2026-09-30,697.2746,709.9358,743.0821,767.1044,783.3169,RESOLVED,2026-10-01,742.03,4.86,5.008,0.142,4.635,True,True,True,git:2a76211f
2026-09-01,SPY,Climatology,189,False,761.78,2027-05-23,669.3369,787.6691,867.086,901.6653,940.0714,PENDING,,,,,,,,,,git:2a76211f
2026-09-01,VOX,Climatology,252,False,185.51,2027-08-19,167.0008,191.3724,211.4211,222.9331,231.2164,PENDING,,,,,,,,,,git:2a76211f
2026-09-01,VTI,Climatology,189,False,375.17,2027-05-23,321.9356,389.2389,427.6082,440.5813,457.0548,PENDING,,,,,,,,,,git:2a76211f
2026-09-01,XLB,Climatology,126,False,52.07,2027-02-24,46.4611,50.4542,52.4088,57.5713,65.0231,PENDING,,,,,,,,,,git:2a76211f
2026-09-01,XLE,Credit-Regime,252,False,64.77,2027-08-19,51.5766,52.4614,54.4442,63.1894,64.0393,PENDING,,,,,,,,,,git:2a76211f
2026-09-01,XLF,Climatology,189,False,57.2,2027-05-23,44.3442,54.7361,64.2502,70.6265,72.4662,PENDING,,,,,,,,,,git:2a76211f
2026-09-01,XLI,Credit-Regime,5,False,172.73,2026-09-08,167.0457,167.8917,171.4719,173.928,177.2043,RESOLVED,2026-09-09,171.3295,-0.811,-0.728,0.083,0.817,True,True,True,git:2a76211f
2026-09-01,XLK,Climatology,189,False,183.64,2027-05-23,125.5731,182.2759,203.0663,224.3199,236.6628,PENDING,,,,,,,,,,git:2a76211f
2026-09-01,XLP,Credit-Regime,252,False,85.25,2027-08-19,90.2911,90.9106,91.9914,95.7102,96.0041,PENDING,,,,,,,,,,git:2a76211f
2026-09-01,XLU,VIX-Regime,126,False,42.56,2027-02-24,42.6133,44.7609,47.2152,47.7571,49.664,PENDING,,,,,,,,,,git:2a76211f
2026-09-01,XLV,Credit-Regime,1,False,171.67,2026-09-02,170.0972,171.095,171.9927,172.8344,174.3217,RESOLVED,2026-09-02,172.2906,0.362,0.188,0.173,0.36,True,True,True,git:2a76211f
2026-09-01,XLY,Climatology,252,False,114.59,2027-08-19,109.9339,115.4052,128.745,138.2004,141.8324,PENDING,,,,,,,,,,git:2a76211f
2026-09-01,XOM,Credit-Regime,63,False,164.55,2026-11-28,148.0796,151.8297,157.8492,164.8136,171.1631,PENDING,,,,,,,,,,git:2a76211f
2026-09-02,AAPL,Credit-Regime,252,False,324.96,2027-08-20,385.7239,394.9303,425.6725,487.726,585.3781,PENDING,,,,,,,,,,git:39bb5895
2026-09-02,DIA,Climatology,126,False,530.62,2027-02-25,493.5164,513.8785,556.8445,594.7659,631.2152,PENDING,,,,,,,,,,git:39bb5895
2026-09-02,EURUSD=X,Credit-Regime,189,False,1.1596,2027-05-24,1.0564,1.0766,1.103,1.1094,1.1434,PENDING,,,,,,,,,,git:39bb5895
2026-09-02,GLD,VIX-Regime,189,True,402.78,2027-05-24,398.3701,474.221,476.5473,484.4555,538.8743,PENDING,,,,,,,,,,git:39bb5895
2026-09-02,IWM,Climatology,21,False,294.01,2026-10-01,277.6414,292.2083,297.9965,309.5217,311.7378,RESOLVED,2026-10-02,281.52,-4.248,1.356,5.853,4.437,True,False,False,git:39bb5895
2026-09-02,IYR,Climatology,189,False,101.84,2027-05-24,93.8344,100.1835,110.2375,118.5132,129.034,PENDING,,,,,,,,,,git:39bb5895
2026-09-02,JPM,Credit-Regime,252,True,356.22,2027-08-20,193.9214,239.5701,281.1593,395.0252,479.9293,PENDING,,,,,,,,,,git:39bb5895
2026-09-02,MSFT,Climatology,189,False,496.82,2027-05-24,446.2459,484.8826,574.1177,651.397,715.2262,PENDING,,,,,,,,,,git:39bb5895
2026-09-02,QQQ,Climatology,21,False,709.24,2026-10-01,667.6919,718.0638,738.6134,760.0261,787.5545,RESOLVED,2026-10-02,749.58,5.688,4.142,1.463,5.382,True,True,True,git:39bb5895
2026-09-02,SPY,Climatology,189,False,765.16,2027-05-24,692.6597,793.6026,839.782,888.1883,943.6921,PENDING,,,,,,,,,,git:39bb5895
2026-09-02,VOX,Climatology,252,False,188.32,2027-08-20,152.7017,187.7855,210.9618,221.4431,238.8983,PENDING,,,,,,,,,,git:39bb5895
2026-09-02,VTI,Climatology,189,False,376.88,2027-05-24,366.9813,390.2293,420.2892,439.0844,452.7235,PENDING,,,,,,,,,,git:39bb5895
2026-09-02,XLB,Climatology,126,False,52.95,2027-02-25,46.5062,50.0331,53.4794,60.4255,64.6686,PENDING,,,,,,,,,,git:39bb5895
2026-09-02,XLE,Credit-Regime,252,False,65.1,2027-08-20,51.1277,53.1285,53.3896,62.7268,63.2654,PENDING,,,,,,,,,,git:39bb5895
2026-09-02,XLF,Climatology,189,False,57.66,2027-05-24,47.1426,55.5682,63.081,68.5485,73.3407,PENDING,,,,,,,,,,git:39bb5895
2026-09-02,XLI,Credit-Regime,5,False,172.78,2026-09-09,167.0693,169.4749,171.2381,173.3528,176.493,RESOLVED,2026-09-10,170.0928,-1.555,-0.892,0.673,1.58,True,True,True,git:39bb5895
2026-09-02,XLK,Climatology,189,False,183.6,2027-05-24,140.6097,188.9849,199.8175,225.2545,234.6725,PENDING,,,,,,,,,,git:39bb5895
2026-09-02,XLP,Credit-Regime,252,False,85.53,2027-08-20,90.8428,91.9142,91.9364,96.0933,96.7091,PENDING,,,,,,,,,,git:39bb5895
2026-09-02,XLU,VIX-Regime,126,False,42.67,2027-02-25,42.26,43.3184,46.3916,47.7448,49.375,PENDING,,,,,,,,,,git:39bb5895
2026-09-02,XLV,Credit-Regime,1,False,172.95,2026-09-03,171.2369,172.3921,173.4668,174.0485,175.4306,RESOLVED,2026-09-03,172.5994,-0.203,0.299,0.503,0.203,True,True,False,git:39bb5895
2026-09-02,XLY,Climatology,252,False,114.86,2027-08-20,105.1569,115.0465,128.5485,138.055,144.7666,PENDING,,,,,,,,,,git:39bb5895
2026-09-02,XOM,Credit-Regime,63,False,164.15,2026-11-29,149.7889,154.584,159.8445,162.0082,170.5072,PENDING,,,,,,,,,,git:39bb5895
2026-09-03,AAPL,Credit-Regime,252,False,328.21,2027-08-21,386.1984,405.0149,424.5117,498.4576,563.2929,PENDING,,,,,,,,,,git:fdba6a38
2026-09-03,DIA,Climatology,126,False,536.93,2027-02-26,487.8759,530.2771,568.99,584.1342,648.2854,PENDING,,,,,,,,,,git:fdba6a38
2026-09-03,EURUSD=X,Credit-Regime,189,False,1.1585,2027-05-25,1.0374,1.075,1.1039,1.1189,1.1387,PENDING,,,,,,,,,,git:fdba6a38
2026-09-03,GLD,VIX-Regime,189,True,410.22,2027-05-25,436.6682,470.8896,482.0357,548.3689,549.7582,PENDING,,,,,,,,,,git:fdba6a38
2026-09-03,IWM,Climatology,21,False,295.19,2026-10-02,277.0028,286.407,297.8634,310.5503,314.4311,RESOLVED,2026-10-05,283.38,-4.001,0.906,5.111,4.168,True,False,False,git:fdba6a38
2026-09-03,IYR,Climatology,189,False,102.88,2027-05-25,95.6709,104.8022,112.1775,121.4657,127.9398,PENDING,,,,,,,,,,git:fdba6a38
2026-09-03,JPM,Credit-Regime,252,True,362.06,2027-08-21,207.5869,216.2902,315.9798,415.4802,437.0414,PENDING,,,,,,,,,,git:fdba6a38
2026-09-03,MSFT,Climatology,189,False,510.12,2027-05-25,481.0299,506.7141,580.079,638.8226,704.5682,PENDING,,,,,,,,,,git:fdba6a38
2026-09-03,QQQ,Climatology,21,False,717.67,2026-10-02,671.912,701.6701,745.9621,760.3181,798.3277,RESOLVED,2026-10-05,756.2,5.369,3.942,1.354,5.095,True,True,True,git:fdba6a38
2026-09-03,SPY,Climatology,189,False,773.17,2027-05-25,720.2916,796.3969,842.3061,895.4352,954.4316,PENDING,,,,,,,,,,git:fdba6a38
2026-09-03,VOX,Climatology,252,False,190.48,2027-08-21,172.2546,189.577,220.5686,236.1602,250.9358,PENDING,,,,,,,,,,git:fdba6a38
2026-09-03,VTI,Climatology,189,False,380.93,2027-05-25,380.1908,395.3176,424.4642,442.949,467.1486,PENDING,,,,,,,,,,git:fdba6a38
2026-09-03,XLB,Climatology,126,False,52.62,2027-02-26,48.498,52.1855,55.7586,60.1112,63.5837,PENDING,,,,,,,,,,git:fdba6a38
2026-09-03,XLE,Credit-Regime,252,False,64.62,2027-08-21,50.8051,52.1248,55.171,61.2947,64.2626,PENDING,,,,,,,,,,git:fdba6a38
2026-09-03,XLF,Climatology,189,False,58.56,2027-05-25,52.1609,56.6231,63.4002,69.26,74.7797,PENDING,,,,,,,,,,git:fdba6a38
2026-09-03,XLI,Credit-Regime,5,False,174.56,2026-09-10,170.3679,170.7809,172.5011,175.8894,178.8019,RESOLVED,2026-09-11,171.908,-1.519,-1.179,0.345,1.543,True,True,True,git:fdba6a38
2026-09-03,XLK,Climatology,189,False,185.97,2027-05-25,154.8914,190.9026,201.2469,227.4483,235.7137,PENDING,,,,,,,,,,git:fdba6a38
2026-09-03,XLP,Credit-Regime,252,False,85.26,2027-08-21,89.8315,91.1348,91.4996,93.6517,94.4703,PENDING,,,,,,,,,,git:fdba6a38
2026-09-03,XLU,VIX-Regime,126,False,43.03,2027-02-26,42.3848,44.755,47.2795,48.2816,49.8282,PENDING,,,,,,,,,,git:fdba6a38
2026-09-03,XLV,Credit-Regime,1,False,173.26,2026-09-04,171.5128,172.4757,173.1458,173.9521,175.0699,RESOLVED,2026-09-04,170.7963,-1.422,-0.066,1.376,1.442,False,False,True,git:fdba6a38
2026-09-03,XLY,Climatology,252,False,116.46,2027-08-21,108.1942,123.5572,130.9139,141.534,147.0308,PENDING,,,,,,,,,,git:fdba6a38
2026-09-03,XOM,Credit-Regime,63,False,162.21,2026-11-30,148.2673,152.0389,156.4119,158.3265,164.4645,PENDING,,,,,,,,,,git:fdba6a38
2026-09-04,AAPL,Credit-Regime,252,False,319.97,2027-08-22,364.2029,391.8074,423.2592,495.0619,536.8679,PENDING,,,,,,,,,,git:efc9783e
2026-09-04,DIA,Climatology,126,False,534.08,2027-02-27,496.2731,524.3241,565.3473,570.4213,594.5717,PENDING,,,,,,,,,,git:efc9783e
2026-09-04,EURUSD=X,Credit-Regime,189,False,1.1621,2027-05-26,1.065,1.0759,1.0962,1.1267,1.1425,PENDING,,,,,,,,,,git:efc9783e
2026-09-04,GLD,VIX-Regime,189,True,406.77,2027-05-26,412.6613,443.5584,480.7646,516.5542,540.2634,PENDING,,,,,,,,,,git:efc9783e
2026-09-04,IWM,Climatology,21,False,296.01,2026-10-03,279.212,285.7736,297.7188,312.4206,317.1875,RESOLVED,2026-10-06,281.34,-4.956,0.577,5.822,5.214,True,False,False,git:efc9783e
2026-09-04,IYR,Climatology,189,False,102.14,2027-05-26,97.7262,103.6845,112.8515,126.4622,132.5193,PENDING,,,,,,,,,,git:efc9783e
2026-09-04,JPM,Credit-Regime,252,True,358.64,2027-08-22,197.9863,218.0259,295.6583,412.6098,482.851,PENDING,,,,,,,,,,git:efc9783e
2026-09-04,MSFT,Climatology,189,False,499.7,2027-05-26,489.3514,533.9379,588.589,639.1673,707.5075,PENDING,,,,,,,,,,git:efc9783e
2026-09-04,QQQ,Climatology,21,False,718.96,2026-10-03,680.7064,705.4462,746.9542,754.1331,796.0472,RESOLVED,2026-10-06,759.66,5.661,3.894,1.673,5.358,True,False,True,git:efc9783e
2026-09-04,SPY,Climatology,189,False,770.19,2027-05-26,753.5665,802.0431,846.2416,914.15,958.1885,PENDING,,,,,,,,,,git:efc9783e
2026-09-04,VOX,Climatology,252,False,188.93,2027-08-22,168.1971,185.6856,213.4838,226.7921,243.3122,PENDING,,,,,,,,,,git:efc9783e
2026-09-04,VTI,Climatology,189,False,379.73,2027-05-26,379.0303,395.5703,424.5119,463.805,474.7558,PENDING,,,,,,,,,,git:efc9783e
2026-09-04,XLB,Climatology,126,False,52.44,2027-02-27,48.5708,52.3883,54.1133,56.2717,63.3817,PENDING,,,,,,,,,,git:efc9783e
2026-09-04,XLE,Credit-Regime,252,False,64.06,2027-08-22,49.198,52.3151,52.3532,63.1049,64.2676,PENDING,,,,,,,,,,git:efc9783e
2026-09-04,XLF,Climatology,189,False,58.1,2027-05-26,52.3674,59.9038,66.585,72.2029,74.8188,PENDING,,,,,,,,,,git:efc9783e
2026-09-04,XLI,Credit-Regime,5,False,175.27,2026-09-11,171.0082,172.346,173.4451,176.4896,178.9845,RESOLVED,2026-09-14,169.4745,-3.307,-1.041,2.343,3.42,False,False,True,git:efc9783e
2026-09-04,XLK,Climatology,189,False,187.28,2027-05-26,183.6547,197.3141,210.7402,234.2445,252.5725,PENDING,,,,,,,,,,git:efc9783e
2026-09-04,XLP,Credit-Regime,252,False,84.58,2027-08-22,88.2198,90.9407,91.2905,92.5806,94.8305,PENDING,,,,,,,,,,git:efc9783e
2026-09-04,XLU,VIX-Regime,126,False,43.08,2027-02-27,42.6682,44.3376,47.2586,48.0165,49.7929,PENDING,,,,,,,,,,git:efc9783e
2026-09-04,XLV,Credit-Regime,1,False,171.45,2026-09-05,169.7626,170.0238,170.9398,171.8917,173.4762,RESOLVED,2026-09-08,166.4928,-2.891,-0.298,2.671,2.977,False,False,True,git:efc9783e
2026-09-04,XLY,Climatology,252,False,114.91,2027-08-22,105.5477,117.9926,124.9435,138.0094,149.0307,PENDING,,,,,,,,,,git:efc9783e
2026-09-04,XOM,Credit-Regime,63,False,159.47,2026-12-01,144.3068,149.8495,150.678,152.9309,167.256,PENDING,,,,,,,,,,git:efc9783e
2026-09-09,AAPL,Credit-Regime,252,False,315.34,2027-08-27,367.8086,375.6618,432.9522,473.2028,535.6313,PENDING,,,,,,,,,,git:bc090d79
2026-09-09,DIA,Climatology,126,False,524.07,2027-03-04,485.608,501.8726,551.749,571.9335,608.9939,PENDING,,,,,,,,,,git:bc090d79
2026-09-09,EURUSD=X,Credit-Regime,189,False,1.1627,2027-05-31,1.0456,1.0793,1.1019,1.1167,1.1438,PENDING,,,,,,,,,,git:bc090d79
2026-09-09,GLD,VIX-Regime,189,True,403.35,2027-05-31,402.2081,454.4201,469.0192,520.1048,545.6416,PENDING,,,,,,,,,,git:bc090d79
2026-09-09,IWM,Climatology,21,False,290.64,2026-10-08,277.052,279.5148,304.6806,313.1954,317.2595,PENDING,,,,,,,,,,git:bc090d79
2026-09-09,IYR,Climatology,189,False,100.91,2027-05-31,91.2964,97.8916,109.0659,115.0721,118.7921,PENDING,,,,,,,,,,git:bc090d79
2026-09-09,JPM,Credit-Regime,252,True,354.71,2027-08-27,188.609,221.8462,393.7272,402.8871,466.3847,PENDING,,,,,,,,,,git:bc090d79
2026-09-09,MSFT,Climatology,189,False,491.65,2027-05-31,456.3988,483.1343,576.2595,650.0114,780.5746,PENDING,,,,,,,,,,git:bc090d79
2026-09-09,QQQ,Climatology,21,False,716.31,2026-10-08,680.0164,729.6359,749.9095,774.5508,802.862,PENDING,,,,,,,,,,git:bc090d79
2026-09-09,SPY,Climatology,189,False,762.4,2027-05-31,674.1194,765.3442,841.1154,880.8245,919.6067,PENDING,,,,,,,,,,git:bc090d79
2026-09-09,VOX,Climatology,252,False,188.08,2027-08-27,149.5526,180.9555,214.4346,221.3148,244.7641,PENDING,,,,,,,,,,git:bc090d79
2026-09-09,VTI,Climatology,189,False,375.56,2027-05-31,342.1759,385.674,419.1616,433.9512,447.6545,PENDING,,,,,,,,,,git:bc090d79
2026-09-09,XLB,Climatology,126,False,51.39,2027-03-04,44.5374,48.7217,53.5911,58.4449,62.0864,PENDING,,,,,,,,,,git:bc090d79
2026-09-09,XLE,Credit-Regime,252,False,65.31,2027-08-27,51.9392,51.9579,53.8579,65.2707,65.2763,PENDING,,,,,,,,,,git:bc090d79
2026-09-09,XLF,Climatology,189,False,57.06,2027-05-31,49.6632,55.9661,62.9457,69.8429,73.7894,PENDING,,,,,,,,,,git:bc090d79
2026-09-09,XLI,Credit-Regime,5,False,171.79,2026-09-16,166.618,168.0629,170.626,173.5087,176.114,RESOLVED,2026-09-16,168.2578,-2.056,-0.678,1.407,2.099,True,True,True,git:bc090d79
2026-09-09,XLK,Climatology,189,False,187.87,2027-05-31,150.7063,179.3306,206.3885,218.7238,235.563,PENDING,,,,,,,,,,git:bc090d79
2026-09-09,XLP,Credit-Regime,252,False,83.05,2027-08-27,86.1924,87.2435,88.8895,90.6953,91.4396,PENDING,,,,,,,,,,git:bc090d79
2026-09-09,XLU,VIX-Regime,126,False,42.94,2027-03-04,43.0922,45.1141,46.8007,48.205,49.3769,PENDING,,,,,,,,,,git:bc090d79
2026-09-09,XLV,Credit-Regime,1,False,166.58,2026-09-10,164.7588,165.36,166.0699,167.3912,168.5995,RESOLVED,2026-09-10,165.0284,-0.931,-0.306,0.631,0.94,True,False,True,git:bc090d79
2026-09-09,XLY,Climatology,252,False,112.46,2027-08-27,99.7256,110.6015,123.7337,135.596,142.4053,PENDING,,,,,,,,,,git:bc090d79
2026-09-09,XOM,Credit-Regime,63,False,164.23,2026-12-06,147.2749,153.2672,158.1329,159.3656,169.8497,PENDING,,,,,,,,,,git:bc090d79
2026-09-10,AAPL,Credit-Regime,252,False,326.57,2027-08-28,376.6537,413.8539,447.9891,476.113,543.2945,PENDING,,,,,,,,,,git:118e58f5
2026-09-10,DIA,Climatology,126,False,520.75,2027-03-05,482.1515,509.1229,549.2799,583.4698,591.0582,PENDING,,,,,,,,,,git:118e58f5
2026-09-10,EURUSD=X,Credit-Regime,189,False,1.1634,2027-06-01,1.0616,1.0779,1.1124,1.1276,1.1424,PENDING,,,,,,,,,,git:118e58f5
2026-09-10,GLD,VIX-Regime,189,True,396.36,2027-06-01,422.4566,432.643,471.9478,504.6489,544.8951,PENDING,,,,,,,,,,git:118e58f5
2026-09-10,IWM,Climatology,21,False,287.7,2026-10-09,277.2126,283.295,296.0131,304.9752,312.8265,PENDING,,,,,,,,,,git:118e58f5
2026-09-10,IYR,Climatology,189,False,99.97,2027-06-01,93.6258,101.447,110.5355,119.0564,123.4045,PENDING,,,,,,,,,,git:118e58f5
2026-09-10,JPM,Credit-Regime,252,True,353.56,2027-08-28,185.248,228.2781,321.1776,443.5533,451.1002,PENDING,,,,,,,,,,git:118e58f5
2026-09-10,MSFT,Climatology,189,False,492.44,2027-06-01,445.1212,496.2576,560.1022,622.1328,673.0397,PENDING,,,,,,,,,,git:118e58f5
2026-09-10,QQQ,Climatology,21,False,708.69,2026-10-09,699.5503,707.9338,727.894,746.5533,779.6113,PENDING,,,,,,,,,,git:118e58f5
2026-09-10,SPY,Climatology,189,False,757.83,2027-06-01,709.4891,784.3049,820.2665,891.8593,930.6091,PENDING,,,,,,,,,,git:118e58f5
2026-09-10,VOX,Climatology,252,False,188.83,2027-08-28,167.0027,186.5039,217.279,239.107,247.6232,PENDING,,,,,,,,,,git:118e58f5
2026-09-10,VTI,Climatology,189,False,373.24,2027-06-01,361.5159,382.1061,412.6493,456.8204,463.6921,PENDING,,,,,,,,,,git:118e58f5
2026-09-10,XLB,Climatology,126,False,50.76,2027-03-05,46.9022,50.5475,52.976,56.2089,62.3684,PENDING,,,,,,,,,,git:118e58f5
2026-09-10,XLE,Credit-Regime,252,False,64.93,2027-08-28,51.9875,52.735,54.7537,62.8896,64.2351,PENDING,,,,,,,,,,git:118e58f5
2026-09-10,XLF,Climatology,189,False,56.87,2027-06-01,50.4649,55.7143,61.1031,69.1764,74.7883,PENDING,,,,,,,,,,git:118e58f5
2026-09-10,XLI,Credit-Regime,5,False,170.55,2026-09-17,165.009,166.1571,169.397,172.0275,175.0517,RESOLVED,2026-09-17,168.557,-1.169,-0.676,0.498,1.182,True,True,True,git:118e58f5
2026-09-10,XLK,Climatology,189,False,185.22,2027-06-01,159.5103,186.7754,204.1825,225.5729,239.8973,PENDING,,,,,,,,,,git:118e58f5
2026-09-10,XLP,Credit-Regime,252,False,83.09,2027-08-28,86.6765,88.5462,88.6706,90.5973,92.6104,PENDING,,,,,,,,,,git:118e58f5
2026-09-10,XLU,VIX-Regime,126,False,42.52,2027-03-05,42.8661,43.6784,46.8889,47.6557,49.1419,PENDING,,,,,,,,,,git:118e58f5
2026-09-10,XLV,Credit-Regime,1,False,165.66,2026-09-11,163.7913,164.7076,165.2025,166.1975,167.5992,RESOLVED,2026-09-11,164.7296,-0.562,-0.276,0.287,0.565,True,True,True,git:118e58f5
2026-09-10,XLY,Climatology,252,False,111.96,2027-08-28,101.4795,118.3554,125.6796,136.211,143.4999,PENDING,,,,,,,,,,git:118e58f5
2026-09-10,XOM,Credit-Regime,63,False,165.23,2026-12-07,149.6848,154.7094,157.8317,164.3469,171.4189,PENDING,,,,,,,,,,git:118e58f5
2026-09-11,AAPL,Credit-Regime,252,False,332.27,2027-08-29,397.5125,425.0789,451.8503,486.7358,576.4297,PENDING,,,,,,,,,,git:51e0565b
2026-09-11,DIA,Climatology,126,False,525.79,2027-03-06,487.9235,544.0211,555.6435,582.1051,592.7557,PENDING,,,,,,,,,,git:51e0565b
2026-09-11,EURUSD=X,Credit-Regime,189,False,1.1601,2027-06-02,1.0435,1.0736,1.0931,1.1275,1.1294,PENDING,,,,,,,,,,git:51e0565b
2026-09-11,GLD,VIX-Regime,189,True,398.77,2027-06-02,450.4605,466.6971,477.5945,533.3661,541.5201,PENDING,,,,,,,,,,git:51e0565b
2026-09-11,IWM,Climatology,21,False,288.89,2026-10-10,275.8979,282.5326,297.8806,309.8078,319.6153,PENDING,,,,,,,,,,git:51e0565b
2026-09-11,IYR,Climatology,189,False,100.75,2027-06-02,93.7444,102.7704,109.8856,121.0371,128.6335,PENDING,,,,,,,,,,git:51e0565b
2026-09-11,JPM,Credit-Regime,252,True,356.23,2027-08-29,198.1238,232.5535,285.0692,420.2902,439.8714,PENDING,,,,,,,,,,git:51e0565b
2026-09-11,MSFT,Climatology,189,False,495.63,2027-06-02,435.9771,512.0164,570.8796,618.4209,708.4153,PENDING,,,,,,,,,,git:51e0565b
2026-09-11,QQQ,Climatology,21,False,714.88,2026-10-10,691.0953,714.4637,742.6183,753.3683,777.469,PENDING,,,,,,,,,,git:51e0565b
2026-09-11,SPY,Climatology,189,False,764.29,2027-06-02,736.8698,808.4413,844.3511,916.5209,936.5329,PENDING,,,,,,,,,,git:51e0565b
2026-09-11,VOX,Climatology,252,False,190.89,2027-08-29,170.2533,189.8336,215.5276,234.6096,242.397,PENDING,,,,,,,,,,git:51e0565b
2026-09-11,VTI,Climatology,189,False,376.31,2027-06-02,363.4682,395.3502,418.1037,450.9979,460.4045,PENDING,,,,,,,,,,git:51e0565b
2026-09-11,XLB,Climatology,126,False,50.95,2027-03-06,45.9406,50.3342,53.094,54.13,62.5611,PENDING,,,,,,,,,,git:51e0565b
2026-09-11,XLE,Credit-Regime,252,False,65.14,2027-08-29,52.2946,52.646,53.3534,63.3195,64.4417,PENDING,,,,,,,,,,git:51e0565b
2026-09-11,XLF,Climatology,189,False,57.25,2027-06-02,51.3867,58.0465,62.6056,70.3491,72.1624,PENDING,,,,,,,,,,git:51e0565b
2026-09-11,XLI,Credit-Regime,5,False,172.37,2026-09-18,167.0059,168.4409,170.8071,173.6458,177.2583,RESOLVED,2026-09-18,169.295,-1.784,-0.907,0.893,1.816,True,True,True,git:51e0565b
2026-09-11,XLK,Climatology,189,False,187.67,2027-06-02,165.1591,197.0517,217.4499,229.2253,236.6837,PENDING,,,,,,,,,,git:51e0565b
2026-09-11,XLP,Credit-Regime,252,False,83.38,2027-08-29,87.1951,88.2614,88.9097,91.9616,93.5308,PENDING,,,,,,,,,,git:51e0565b
2026-09-11,XLU,VIX-Regime,126,False,42.39,2027-03-06,43.5833,44.22,46.6678,47.6129,48.7925,PENDING,,,,,,,,,,git:51e0565b
2026-09-11,XLV,Credit-Regime,1,False,165.36,2026-09-12,163.1969,163.9543,164.3242,165.9115,167.1428,RESOLVED,2026-09-14,167.1104,1.059,-0.626,1.667,1.047,True,False,False,git:51e0565b
2026-09-11,XLY,Climatology,252,False,112.96,2027-08-29,102.7092,115.7388,124.332,136.8181,143.5921,PENDING,,,,,,,,,,git:51e0565b
2026-09-11,XOM,Credit-Regime,63,False,165.99,2026-12-08,150.8901,155.6109,161.6289,163.5161,173.0677,PENDING,,,,,,,,,,git:51e0565b
2026-09-14,AAPL,Credit-Regime,252,False,333.08,2027-09-01,374.9308,400.807,465.685,478.6054,590.1296,PENDING,,,,,,,,,,git:f18262e1
2026-09-14,DIA,Climatology,126,False,524.49,2027-03-09,476.9821,520.5253,548.7929,581.3504,600.8511,PENDING,,,,,,,,,,git:f18262e1
2026-09-14,EURUSD=X,Credit-Regime,189,False,1.1594,2027-06-05,1.0399,1.0777,1.0965,1.1234,1.1419,PENDING,,,,,,,,,,git:f18262e1
2026-09-14,GLD,VIX-Regime,189,True,392.84,2027-06-05,453.2499,463.0003,465.1593,520.6102,528.1251,PENDING,,,,,,,,,,git:f18262e1
2026-09-14,IWM,Climatology,21,False,287.91,2026-10-13,281.4841,286.7995,297.3302,308.5903,312.4549,PENDING,,,,,,,,,,git:f18262e1
2026-09-14,IYR,Climatology,189,False,100.28,2027-06-05,86.3194,105.0664,107.9215,112.4019,125.7342,PENDING,,,,,,,,,,git:f18262e1
2026-09-14,JPM,Credit-Regime,252,True,350.13,2027-09-01,182.7285,223.4074,371.6322,457.8596,471.5064,PENDING,,,,,,,,,,git:f18262e1
2026-09-14,MSFT,Climatology,189,False,505.41,2027-06-05,448.3594,507.9341,570.52,674.182,860.504,PENDING,,,,,,,,,,git:f18262e1
2026-09-14,QQQ,Climatology,21,False,709.18,2026-10-13,683.0106,711.8722,732.3417,761.1118,771.5966,PENDING,,,,,,,,,,git:f18262e1
2026-09-14,SPY,Climatology,189,False,760.88,2027-06-05,660.3527,755.4648,863.7593,916.2258,933.8543,PENDING,,,,,,,,,,git:f18262e1
2026-09-14,VOX,Climatology,252,False,195.33,2027-09-01,186.8137,216.2187,232.0209,240.0436,246.595,PENDING,,,,,,,,,,git:f18262e1
2026-09-14,VTI,Climatology,189,False,374.68,2027-06-05,316.7878,377.3731,416.7209,452.6149,464.7719,PENDING,,,,,,,,,,git:f18262e1
2026-09-14,XLB,Climatology,126,False,50.49,2027-03-09,46.212,48.6597,52.2516,54.5415,59.3167,PENDING,,,,,,,,,,git:f18262e1
2026-09-14,XLE,Credit-Regime,252,False,64.53,2027-09-01,51.3185,51.7226,52.2228,63.8356,64.7216,PENDING,,,,,,,,,,git:f18262e1
2026-09-14,XLF,Climatology,189,False,57.03,2027-06-05,44.3371,54.5557,61.817,70.283,72.6591,PENDING,,,,,,,,,,git:f18262e1
2026-09-14,XLI,Credit-Regime,5,False,169.93,2026-09-21,165.0476,167.7637,168.2696,171.5453,175.0005,RESOLVED,2026-09-21,169.98,0.029,-0.977,1.006,0.029,True,True,False,git:f18262e1
2026-09-14,XLK,Climatology,189,False,184.28,2027-06-05,133.3409,170.3635,207.1062,222.6655,228.9655,PENDING,,,,,,,,,,git:f18262e1
2026-09-14,XLP,Credit-Regime,252,False,84.42,2027-09-01,89.6227,89.8917,91.9359,92.798,94.5059,PENDING,,,,,,,,,,git:f18262e1
2026-09-14,XLU,VIX-Regime,126,False,41.82,2027-03-09,42.2982,44.3563,46.0014,46.9983,48.3388,PENDING,,,,,,,,,,git:f18262e1
2026-09-14,XLV,Credit-Regime,1,False,167.75,2026-09-15,165.9977,167.044,167.5746,168.6032,169.6897,RESOLVED,2026-09-15,167.0208,-0.435,-0.105,0.332,0.437,True,False,True,git:f18262e1
2026-09-14,XLY,Climatology,252,False,112.85,2027-09-01,110.4931,121.0166,125.8868,137.7784,140.0696,PENDING,,,,,,,,,,git:f18262e1
2026-09-14,XOM,Credit-Regime,63,False,165.08,2026-12-11,145.622,155.1019,159.7305,161.6544,171.5491,PENDING,,,,,,,,,,git:f18262e1
2026-09-16,AAPL,Credit-Regime,252,False,332.41,2027-09-03,372.3382,407.9728,439.7469,482.9603,563.9353,PENDING,,,,,,,,,,git:de24e9bb
2026-09-16,DIA,Climatology,126,False,515.22,2027-03-11,475.8193,511.6193,543.3989,566.8434,618.3434,PENDING,,,,,,,,,,git:de24e9bb
2026-09-16,EURUSD=X,Credit-Regime,189,False,1.1538,2027-06-07,1.0482,1.0675,1.0824,1.1362,1.1364,PENDING,,,,,,,,,,git:de24e9bb
2026-09-16,GLD,VIX-Regime,189,True,391.74,2027-06-07,396.6462,419.7373,459.9184,495.082,525.8192,PENDING,,,,,,,,,,git:de24e9bb
2026-09-16,IWM,Climatology,21,False,283.92,2026-10-15,268.289,277.3712,293.0304,298.6948,305.2162,PENDING,,,,,,,,,,git:de24e9bb
2026-09-16,IYR,Climatology,189,False,98.65,2027-06-07,88.1276,96.7971,104.0399,112.9327,122.674,PENDING,,,,,,,,,,git:de24e9bb
2026-09-16,JPM,Credit-Regime,252,True,348.92,2027-09-03,190.6437,215.3198,273.3492,430.7832,476.8495,PENDING,,,,,,,,,,git:de24e9bb
2026-09-16,MSFT,Climatology,189,False,490.3,2027-06-07,428.7753,464.0423,547.7744,620.5306,729.7135,PENDING,,,,,,,,,,git:de24e9bb
2026-09-16,QQQ,Climatology,21,False,704.72,2026-10-15,679.6059,709.3392,720.2679,754.2127,789.2662,PENDING,,,,,,,,,,git:de24e9bb
2026-09-16,SPY,Climatology,189,False,754.05,2027-06-07,672.2864,749.6938,807.1636,864.3361,915.2138,PENDING,,,,,,,,,,git:de24e9bb
2026-09-16,VOX,Climatology,252,False,192.5,2027-09-03,157.1846,191.3099,226.6912,240.8655,265.0609,PENDING,,,,,,,,,,git:de24e9bb
2026-09-16,VTI,Climatology,189,False,371.26,2027-06-07,342.8057,360.6883,406.1941,424.2377,449.4888,PENDING,,,,,,,,,,git:de24e9bb
2026-09-16,XLB,Climatology,126,False,50.36,2027-03-11,44.3425,48.0411,52.7726,54.2946,68.1785,PENDING,,,,,,,,,,git:de24e9bb
2026-09-16,XLE,Credit-Regime,252,False,64.03,2027-09-03,51.5358,52.5581,52.6541,61.3266,63.7898,PENDING,,,,,,,,,,git:de24e9bb
2026-09-16,XLF,Climatology,189,False,55.93,2027-06-07,45.8326,53.1677,59.9461,65.4626,70.03,PENDING,,,,,,,,,,git:de24e9bb
2026-09-16,XLI,Credit-Regime,5,False,168.71,2026-09-23,164.0066,164.9137,166.5154,169.0438,172.2476,RESOLVED,2026-09-23,170.1,0.824,-1.301,2.107,0.817,True,False,False,git:de24e9bb
2026-09-16,XLK,Climatology,189,False,183.93,2027-06-07,144.6859,181.3564,200.1544,216.1085,230.1986,PENDING,,,,,,,,,,git:de24e9bb
2026-09-16,XLP,Credit-Regime,252,False,83.33,2027-09-03,87.7337,88.4326,88.7398,91.8331,93.77,PENDING,,,,,,,,,,git:de24e9bb
2026-09-16,XLU,VIX-Regime,126,False,41.32,2027-03-11,40.7755,43.4414,44.9357,46.4959,47.8754,PENDING,,,,,,,,,,git:de24e9bb
2026-09-16,XLV,Credit-Regime,1,False,167.77,2026-09-17,166.3256,166.7399,167.5922,168.8505,169.957,RESOLVED,2026-09-17,168.1664,0.236,-0.106,0.341,0.236,True,True,False,git:de24e9bb
2026-09-16,XLY,Climatology,252,False,110.18,2027-09-03,98.0019,114.2584,121.2448,136.1954,140.8061,PENDING,,,,,,,,,,git:de24e9bb
2026-09-16,XOM,Credit-Regime,63,False,163.32,2026-12-13,149.2265,152.6596,159.4358,161.2164,167.9425,PENDING,,,,,,,,,,git:de24e9bb
2026-09-17,AAPL,Credit-Regime,252,False,337.0,2027-09-04,397.4997,408.146,487.1839,521.8381,587.3719,PENDING,,,,,,,,,,git:4c2102b5
2026-09-17,DIA,Climatology,126,False,518.35,2027-03-12,478.6667,517.0188,547.3531,582.4839,654.0505,PENDING,,,,,,,,,,git:4c2102b5
2026-09-17,EURUSD=X,Credit-Regime,189,False,1.147,2027-06-08,1.0346,1.0631,1.0873,1.1192,1.1233,PENDING,,,,,,,,,,git:4c2102b5
2026-09-17,GLD,VIX-Regime,189,True,398.36,2027-06-08,406.1438,454.0099,476.3072,524.4375,533.497,PENDING,,,,,,,,,,git:4c2102b5
2026-09-17,IWM,Climatology,21,False,285.43,2026-10-16,268.2421,277.7738,288.5812,295.9974,309.631,PENDING,,,,,,,,,,git:4c2102b5
2026-09-17,IYR,Climatology,189,False,98.94,2027-06-08,92.0756,98.6986,107.6488,114.7484,126.2173,PENDING,,,,,,,,,,git:4c2102b5
2026-09-17,JPM,Credit-Regime,252,True,349.31,2027-09-04,186.9171,215.8237,419.7864,440.3394,448.0793,PENDING,,,,,,,,,,git:4c2102b5
2026-09-17,MSFT,Climatology,189,False,497.75,2027-06-08,434.3291,511.5024,570.9159,637.0813,683.6651,PENDING,,,,,,,,,,git:4c2102b5
2026-09-17,QQQ,Climatology,21,False,716.92,2026-10-16,661.6039,693.6722,738.8016,747.6198,807.5286,PENDING,,,,,,,,,,git:4c2102b5
2026-09-17,SPY,Climatology,189,False,762.6,2027-06-08,712.6022,768.3682,825.7613,897.1891,938.3915,PENDING,,,,,,,,,,git:4c2102b5
2026-09-17,VOX,Climatology,252,False,192.27,2027-09-04,164.5342,194.4966,221.38,236.8734,263.5116,PENDING,,,,,,,,,,git:4c2102b5
2026-09-17,VTI,Climatology,189,False,375.34,2027-06-08,355.8593,375.3621,418.4717,451.4592,469.9576,PENDING,,,,,,,,,,git:4c2102b5
2026-09-17,XLB,Climatology,126,False,50.71,2027-03-12,45.5669,50.0833,52.5835,54.9102,68.0239,PENDING,,,,,,,,,,git:4c2102b5
2026-09-17,XLE,Credit-Regime,252,False,64.48,2027-09-04,51.1217,51.6763,55.1436,62.4884,63.1393,PENDING,,,,,,,,,,git:4c2102b5
2026-09-17,XLF,Climatology,189,False,55.88,2027-06-08,49.3998,53.5881,60.4337,69.6451,72.1995,PENDING,,,,,,,,,,git:4c2102b5
2026-09-17,XLI,Credit-Regime,5,False,169.01,2026-09-24,164.1931,165.9576,166.8536,169.8603,171.4537,RESOLVED,2026-09-24,168.83,-0.107,-1.276,1.171,0.107,True,True,True,git:4c2102b5
2026-09-17,XLK,Climatology,189,False,188.06,2027-06-08,158.7734,187.8676,203.4477,234.3258,237.8996,PENDING,,,,,,,,,,git:4c2102b5
2026-09-17,XLP,Credit-Regime,252,False,83.49,2027-09-04,88.2935,89.242,89.7349,91.0594,93.174,PENDING,,,,,,,,,,git:4c2102b5
2026-09-17,XLU,VIX-Regime,126,False,41.69,2027-03-12,41.9296,42.7474,45.6129,46.7335,48.1814,PENDING,,,,,,,,,,git:4c2102b5
2026-09-17,XLV,Credit-Regime,1,False,168.81,2026-09-18,166.9555,167.2731,168.4231,169.4847,170.8084,RESOLVED,2026-09-18,167.748,-0.629,-0.229,0.402,0.633,True,True,True,git:4c2102b5
2026-09-17,XLY,Climatology,252,False,111.39,2027-09-04,101.2463,113.4789,124.1339,138.3327,143.9667,PENDING,,,,,,,,,,git:4c2102b5
2026-09-17,XOM,Credit-Regime,63,False,163.27,2026-12-14,151.0019,155.1307,157.9087,165.0856,173.9279,PENDING,,,,,,,,,,git:4c2102b5
2026-09-18,AAPL,Credit-Regime,252,False,336.13,2027-09-05,364.5209,391.8956,430.085,512.1545,558.6452,PENDING,,,,,,,,,,git:ae55d44b
2026-09-18,DIA,Climatology,126,False,515.88,2027-03-13,475.6846,527.9665,551.1734,580.6028,622.881,PENDING,,,,,,,,,,git:ae55d44b
2026-09-18,EURUSD=X,Credit-Regime,189,False,1.1489,2027-06-09,1.0378,1.0774,1.0969,1.1201,1.1452,PENDING,,,,,,,,,,git:ae55d44b
2026-09-18,GLD,VIX-Regime,189,True,401.17,2027-06-09,401.722,443.9774,477.9631,538.0944,548.2025,PENDING,,,,,,,,,,git:ae55d44b
2026-09-18,IWM,Climatology,21,False,284.1,2026-10-17,267.4207,276.668,292.1771,302.4159,305.8896,PENDING,,,,,,,,,,git:ae55d44b
2026-09-18,IYR,Climatology,189,False,98.0,2027-06-09,92.4557,98.5901,103.4866,119.002,126.1046,PENDING,,,,,,,,,,git:ae55d44b
2026-09-18,JPM,Credit-Regime,252,True,349.67,2027-09-05,181.9043,205.5378,396.2047,432.6468,435.5126,PENDING,,,,,,,,,,git:ae55d44b
2026-09-18,MSFT,Climatology,189,False,493.78,2027-06-09,423.0157,524.7096,573.2645,641.4412,724.2357,PENDING,,,,,,,,,,git:ae55d44b
2026-09-18,QQQ,Climatology,21,False,721.45,2026-10-17,675.4124,716.6515,735.388,759.6797,799.4853,PENDING,,,,,,,,,,git:ae55d44b
2026-09-18,SPY,Climatology,189,False,761.69,2027-06-09,740.4163,806.1024,838.1003,905.3148,939.0399,PENDING,,,,,,,,,,git:ae55d44b
2026-09-18,VOX,Climatology,252,False,189.68,2027-09-05,165.5671,178.8499,207.7978,232.6454,241.0795,PENDING,,,,,,,,,,git:ae55d44b
2026-09-18,VTI,Climatology,189,False,375.43,2027-06-09,361.1352,398.9125,421.3592,454.17,473.1585,PENDING,,,,,,,,,,git:ae55d44b
2026-09-18,XLB,Climatology,126,False,49.99,2027-03-13,44.6971,48.4863,51.9502,53.768,64.2975,PENDING,,,,,,,,,,git:ae55d44b
2026-09-18,XLE,Credit-Regime,252,False,64.31,2027-09-05,53.2059,54.0145,54.3264,62.7263,63.1257,PENDING,,,,,,,,,,git:ae55d44b
2026-09-18,XLF,Climatology,189,False,55.86,2027-06-09,49.2491,55.1682,59.2545,68.7839,70.7073,PENDING,,,,,,,,,,git:ae55d44b
2026-09-18,XLI,Credit-Regime,5,False,169.75,2026-09-25,165.0714,166.0066,167.692,170.237,173.1546,RESOLVED,2026-09-25,170.43,0.401,-1.212,1.607,0.399,True,False,False,git:ae55d44b
2026-09-18,XLK,Climatology,189,False,189.6,2027-06-09,170.8942,197.5318,222.9385,238.0964,242.1989,PENDING,,,,,,,,,,git:ae55d44b
2026-09-18,XLP,Credit-Regime,252,False,82.8,2027-09-05,87.1618,87.9143,88.1271,89.6537,91.8413,PENDING,,,,,,,,,,git:ae55d44b
2026-09-18,XLU,VIX-Regime,126,False,41.1,2027-03-13,41.007,41.7882,44.577,46.3154,47.503,PENDING,,,,,,,,,,git:ae55d44b
2026-09-18,XLV,Credit-Regime,1,False,168.39,2026-09-19,166.4819,167.4186,168.2475,169.2927,170.4961,RESOLVED,2026-09-21,169.01,0.368,-0.085,0.451,0.367,True,True,False,git:ae55d44b
2026-09-18,XLY,Climatology,252,False,111.03,2027-09-05,102.775,113.7885,121.6869,135.9823,143.1637,PENDING,,,,,,,,,,git:ae55d44b
2026-09-18,XOM,Credit-Regime,63,False,163.54,2026-12-15,149.1625,153.1435,163.0964,169.4927,177.6602,PENDING,,,,,,,,,,git:ae55d44b
2026-09-21,AAPL,Credit-Regime,252,False,338.98,2027-09-08,370.1851,395.022,430.3314,501.5376,568.1599,PENDING,,,,,,,,,,git:ef356e85
2026-09-21,DIA,Climatology,126,False,519.78,2027-03-16,477.1545,518.5437,544.6281,563.5874,582.0469,PENDING,,,,,,,,,,git:ef356e85
2026-09-21,EURUSD=X,Credit-Regime,189,False,1.148,2027-06-12,1.0454,1.0538,1.0941,1.1118,1.115,PENDING,,,,,,,,,,git:ef356e85
2026-09-21,GLD,VIX-Regime,189,True,398.38,2027-06-12,402.9567,410.0141,471.7068,509.013,562.1778,PENDING,,,,,,,,,,git:ef356e85
2026-09-21,IWM,Climatology,21,False,285.58,2026-10-20,273.6092,284.4204,295.124,307.3903,310.8099,PENDING,,,,,,,,,,git:ef356e85
2026-09-21,IYR,Climatology,189,False,98.9,2027-06-12,83.2271,97.7815,107.0553,113.7992,125.3208,PENDING,,,,,,,,,,git:ef356e85
2026-09-21,JPM,Credit-Regime,252,True,352.04,2027-09-08,187.1817,210.1351,277.5301,378.982,476.7194,PENDING,,,,,,,,,,git:ef356e85
2026-09-21,MSFT,Climatology,189,False,501.61,2027-06-12,430.7,491.391,592.1578,639.7921,834.3973,PENDING,,,,,,,,,,git:ef356e85
2026-09-21,QQQ,Climatology,21,False,741.47,2026-10-20,699.2772,732.4163,766.9985,798.3138,814.9643,PENDING,,,,,,,,,,git:ef356e85
2026-09-21,SPY,Climatology,189,False,773.5,2027-06-12,651.6312,744.3308,876.108,929.3763,946.3176,PENDING,,,,,,,,,,git:ef356e85
2026-09-21,VOX,Climatology,252,False,197.5,2027-09-08,175.9177,192.186,233.0659,237.5559,246.6114,PENDING,,,,,,,,,,git:ef356e85
2026-09-21,VTI,Climatology,189,False,381.1,2027-06-12,322.1937,365.6264,426.2979,449.0453,467.8847,PENDING,,,,,,,,,,git:ef356e85
2026-09-21,XLB,Climatology,126,False,49.71,2027-03-16,44.1452,45.9863,51.351,53.342,58.8561,PENDING,,,,,,,,,,git:ef356e85
2026-09-21,XLE,Credit-Regime,252,False,62.46,2027-09-08,49.5301,50.6497,52.0653,60.775,61.7435,PENDING,,,,,,,,,,git:ef356e85
2026-09-21,XLF,Climatology,189,False,55.9,2027-06-12,41.778,52.3735,60.9518,68.0586,71.2131,PENDING,,,,,,,,,,git:ef356e85
2026-09-21,XLI,Credit-Regime,5,False,169.98,2026-09-28,165.0957,167.2568,168.0669,170.0767,172.6594,RESOLVED,2026-09-28,168.78,-0.706,-1.125,0.423,0.711,True,True,True,git:ef356e85
2026-09-21,XLK,Climatology,189,False,194.85,2027-06-12,146.0721,180.9386,212.3446,229.0926,244.5405,PENDING,,,,,,,,,,git:ef356e85
2026-09-21,XLP,Credit-Regime,252,False,81.92,2027-09-08,87.2635,87.352,88.1397,90.9553,92.7062,PENDING,,,,,,,,,,git:ef356e85
2026-09-21,XLU,VIX-Regime,126,False,40.66,2027-03-16,39.847,41.8422,44.1011,46.0214,46.7874,PENDING,,,,,,,,,,git:ef356e85
2026-09-21,XLV,Credit-Regime,1,False,169.01,2026-09-22,167.894,168.0988,169.0795,170.37,171.0809,RESOLVED,2026-09-22,169.89,0.521,0.041,0.477,0.518,True,True,True,git:ef356e85
2026-09-21,XLY,Climatology,252,False,112.23,2027-09-08,103.8132,112.0255,122.846,128.9566,144.0423,PENDING,,,,,,,,,,git:ef356e85
2026-09-21,XOM,Credit-Regime,63,False,158.3,2026-12-18,142.6871,148.5269,159.683,169.3562,180.6827,PENDING,,,,,,,,,,git:ef356e85
2026-09-23,AAPL,Credit-Regime,252,False,337.02,2027-09-10,382.533,413.3613,430.7584,506.8349,571.9976,PENDING,,,,,,,,,,git:1fbc1744
2026-09-23,DIA,Climatology,126,False,514.3,2027-03-18,464.3249,505.7561,543.31,558.1161,606.8002,PENDING,,,,,,,,,,git:1fbc1744
2026-09-23,EURUSD=X,Credit-Regime,189,False,1.1448,2027-06-14,1.0411,1.0722,1.0736,1.1111,1.1156,PENDING,,,,,,,,,,git:1fbc1744
2026-09-23,GLD,VIX-Regime,189,True,392.88,2027-06-14,406.2066,429.5036,436.5656,523.2936,536.2693,PENDING,,,,,,,,,,git:1fbc1744
2026-09-23,IWM,Climatology,21,False,281.92,2026-10-22,264.4164,271.2477,287.1657,297.676,305.0272,PENDING,,,,,,,,,,git:1fbc1744
2026-09-23,IYR,Climatology,189,False,97.24,2027-06-14,85.7119,95.5356,103.3387,110.1326,116.7752,PENDING,,,,,,,,,,git:1fbc1744
2026-09-23,JPM,Credit-Regime,252,True,337.53,2027-09-10,180.4709,204.504,379.2989,389.2283,395.9692,PENDING,,,,,,,,,,git:1fbc1744
2026-09-23,MSFT,Climatology,189,False,500.59,2027-06-14,442.8919,486.7639,567.8896,653.0415,722.3476,PENDING,,,,,,,,,,git:1fbc1744
2026-09-23,QQQ,Climatology,21,False,741.21,2026-10-22,693.1773,727.525,757.3812,794.2417,823.0101,PENDING,,,,,,,,,,git:1fbc1744
2026-09-23,SPY,Climatology,189,False,767.81,2027-06-14,661.9747,784.5946,834.7182,891.9088,920.866,PENDING,,,,,,,,,,git:1fbc1744
2026-09-23,VOX,Climatology,252,False,192.96,2027-09-10,159.9379,187.5079,213.6379,226.0178,259.0713,PENDING,,,,,,,,,,git:1fbc1744
2026-09-23,VTI,Climatology,189,False,378.23,2027-06-14,325.6634,387.24,416.5285,443.234,449.2931,PENDING,,,,,,,,,,git:1fbc1744
2026-09-23,XLB,Climatology,126,False,50.28,2027-03-18,43.8488,46.3435,52.6323,53.9297,62.7723,PENDING,,,,,,,,,,git:1fbc1744
2026-09-23,XLE,Credit-Regime,252,False,62.37,2027-09-10,48.0069,49.9225,52.2994,61.0157,62.0127,PENDING,,,,,,,,,,git:1fbc1744
2026-09-23,XLF,Climatology,189,False,54.54,2027-06-14,45.1411,54.4703,57.46,63.1075,68.2303,PENDING,,,,,,,,,,git:1fbc1744
2026-09-23,XLI,Credit-Regime,5,False,170.1,2026-09-30,165.7721,166.6761,168.3169,169.9631,172.7798,RESOLVED,2026-09-30,166.98,-1.834,-1.048,0.801,1.868,True,True,True,git:1fbc1744
2026-09-23,XLK,Climatology,189,False,195.34,2027-06-14,167.6817,187.4128,214.7921,233.8657,243.1098,PENDING,,,,,,,,,,git:1fbc1744
2026-09-23,XLP,Credit-Regime,252,False,82.43,2027-09-10,86.4636,87.0704,87.4983,90.4974,93.9597,PENDING,,,,,,,,,,git:1fbc1744
2026-09-23,XLU,VIX-Regime,126,False,39.75,2027-03-18,39.7095,41.0666,43.5075,44.1658,46.2436,PENDING,,,,,,,,,,git:1fbc1744
2026-09-23,XLV,Credit-Regime,1,False,168.8,2026-09-24,167.4661,167.9341,168.7,170.1447,170.6319,RESOLVED,2026-09-24,169.87,0.634,-0.059,0.689,0.63,True,True,False,git:1fbc1744
2026-09-23,XLY,Climatology,252,False,110.65,2027-09-10,101.1582,111.6729,122.7408,130.9475,140.2512,PENDING,,,,,,,,,,git:1fbc1744
2026-09-23,XOM,Credit-Regime,63,False,161.23,2026-12-20,146.9658,152.3857,161.6097,175.9438,182.2065,PENDING,,,,,,,,,,git:1fbc1744
2026-09-24,AAPL,Credit-Regime,252,False,335.92,2027-09-11,365.9348,426.8427,443.1968,519.2713,575.5062,PENDING,,,,,,,,,,git:3a52d707
2026-09-24,DIA,Climatology,126,False,512.68,2027-03-19,456.1476,513.161,548.0823,567.6564,598.8865,PENDING,,,,,,,,,,git:3a52d707
2026-09-24,EURUSD=X,Credit-Regime,189,False,1.1382,2027-06-15,1.0347,1.0696,1.0841,1.096,1.0988,PENDING,,,,,,,,,,git:3a52d707
2026-09-24,GLD,VIX-Regime,189,True,391.69,2027-06-15,451.3427,463.1091,463.9146,522.9641,524.3314,PENDING,,,,,,,,,,git:3a52d707
2026-09-24,IWM,Climatology,21,False,281.66,2026-10-23,264.9919,277.0872,285.8793,297.813,302.5555,PENDING,,,,,,,,,,git:3a52d707
2026-09-24,IYR,Climatology,189,False,96.81,2027-06-15,92.5474,98.058,105.6006,111.1042,120.0016,PENDING,,,,,,,,,,git:3a52d707
2026-09-24,JPM,Credit-Regime,252,True,338.56,2027-09-11,183.9061,206.263,264.7391,382.5671,391.7615,PENDING,,,,,,,,,,git:3a52d707
2026-09-24,MSFT,Climatology,189,False,497.93,2027-06-15,448.7866,501.431,595.5918,637.1169,689.7464,PENDING,,,,,,,,,,git:3a52d707
2026-09-24,QQQ,Climatology,21,False,741.1,2026-10-23,669.1549,727.3758,755.8053,778.8369,811.9812,PENDING,,,,,,,,,,git:3a52d707
2026-09-24,SPY,Climatology,189,False,767.18,2027-06-15,735.9693,797.8623,841.4923,898.3901,939.4995,PENDING,,,,,,,,,,git:3a52d707
2026-09-24,VOX,Climatology,252,False,196.04,2027-09-11,182.9168,201.1099,224.9243,237.0803,265.7644,PENDING,,,,,,,,,,git:3a52d707
2026-09-24,VTI,Climatology,189,False,378.08,2027-06-15,365.018,387.3824,423.3747,443.2267,466.1773,PENDING,,,,,,,,,,git:3a52d707
2026-09-24,XLB,Climatology,126,False,49.68,2027-03-19,43.7759,50.4115,52.1789,53.6543,61.3177,PENDING,,,,,,,,,,git:3a52d707
2026-09-24,XLE,Credit-Regime,252,False,62.6,2027-09-11,50.9412,51.4111,51.9742,62.066,62.124,PENDING,,,,,,,,,,git:3a52d707
2026-09-24,XLF,Climatology,189,False,54.53,2027-06-15,48.8479,54.2659,58.9689,66.4724,71.9303,PENDING,,,,,,,,,,git:3a52d707
2026-09-24,XLI,Credit-Regime,5,False,168.83,2026-10-01,164.1983,165.3211,167.1038,169.5189,171.3767,RESOLVED,2026-10-01,168.64,-0.113,-1.022,0.911,0.113,True,True,True,git:3a52d707
2026-09-24,XLK,Climatology,189,False,194.71,2027-06-15,164.9003,200.6563,218.717,241.2903,250.6691,PENDING,,,,,,,,,,git:3a52d707
2026-09-24,XLP,Credit-Regime,252,False,81.7,2027-09-11,85.705,86.6984,87.1855,91.1189,92.4008,PENDING,,,,,,,,,,git:3a52d707
2026-09-24,XLU,VIX-Regime,126,False,39.36,2027-03-19,39.6154,40.2834,43.0626,44.3945,45.8156,PENDING,,,,,,,,,,git:3a52d707
2026-09-24,XLV,Credit-Regime,1,False,169.87,2026-09-25,169.0068,169.917,170.8203,171.451,172.0071,RESOLVED,2026-09-25,170.7,0.489,0.559,0.07,0.486,True,True,True,git:3a52d707
2026-09-24,XLY,Climatology,252,False,110.32,2027-09-11,96.9859,118.0688,122.5116,134.3708,142.5587,PENDING,,,,,,,,,,git:3a52d707
2026-09-24,XOM,Credit-Regime,63,False,162.14,2026-12-21,147.0031,151.9578,169.1567,181.2346,187.9063,PENDING,,,,,,,,,,git:3a52d707
2026-09-25,AAPL,Credit-Regime,252,False,341.07,2027-09-12,385.6236,434.8724,462.9848,510.572,568.4942,PENDING,,,,,,,,,,git:12a7291b
2026-09-25,DIA,Climatology,126,False,517.49,2027-03-20,463.7068,527.7844,555.1445,575.883,609.3359,PENDING,,,,,,,,,,git:12a7291b
2026-09-25,EURUSD=X,Credit-Regime,189,False,1.1392,2027-06-16,1.0256,1.0554,1.0905,1.1008,1.1205,PENDING,,,,,,,,,,git:12a7291b
2026-09-25,GLD,VIX-Regime,189,True,393.41,2027-06-16,419.0896,465.5672,467.7277,531.7208,538.7486,PENDING,,,,,,,,,,git:12a7291b
2026-09-25,IWM,Climatology,21,False,281.97,2026-10-24,265.8364,277.7658,291.2677,300.6485,306.5087,PENDING,,,,,,,,,,git:12a7291b
2026-09-25,IYR,Climatology,189,False,96.63,2027-06-16,93.5144,99.0644,105.1032,115.7539,123.4967,PENDING,,,,,,,,,,git:12a7291b
2026-09-25,JPM,Credit-Regime,252,True,343.06,2027-09-12,183.6394,226.8652,274.2841,384.5769,401.5619,PENDING,,,,,,,,,,git:12a7291b
2026-09-25,MSFT,Climatology,189,False,516.17,2027-06-16,422.9237,521.7824,622.5971,661.848,758.8405,PENDING,,,,,,,,,,git:12a7291b
2026-09-25,QQQ,Climatology,21,False,744.5,2026-10-24,693.578,726.7731,764.7114,790.2506,810.3971,PENDING,,,,,,,,,,git:12a7291b
2026-09-25,SPY,Climatology,189,False,771.35,2027-06-16,771.5278,819.0626,856.2447,900.3605,940.0367,PENDING,,,,,,,,,,git:12a7291b
2026-09-25,VOX,Climatology,252,False,194.15,2027-09-12,181.2203,191.1049,219.6253,236.2706,243.7242,PENDING,,,,,,,,,,git:12a7291b
2026-09-25,VTI,Climatology,189,False,379.77,2027-06-16,375.9708,413.016,425.2009,439.7051,469.2397,PENDING,,,,,,,,,,git:12a7291b
2026-09-25,XLB,Climatology,126,False,49.8,2027-03-20,42.6529,48.9621,52.8232,54.0747,61.898,PENDING,,,,,,,,,,git:12a7291b
2026-09-25,XLE,Credit-Regime,252,False,62.04,2027-09-12,49.786,49.8348,53.4729,59.5998,60.9045,PENDING,,,,,,,,,,git:12a7291b
2026-09-25,XLF,Climatology,189,False,54.84,2027-06-16,49.148,56.9257,60.5849,64.3072,73.8768,PENDING,,,,,,,,,,git:12a7291b
2026-09-25,XLI,Credit-Regime,5,False,170.43,2026-10-02,165.984,167.9783,169.1899,171.141,174.6373,RESOLVED,2026-10-02,169.95,-0.282,-0.728,0.447,0.282,True,True,True,git:12a7291b
2026-09-25,XLK,Climatology,189,False,196.27,2027-06-16,176.001,212.683,225.796,243.4741,254.7676,PENDING,,,,,,,,,,git:12a7291b
2026-09-25,XLP,Credit-Regime,252,False,82.06,2027-09-12,85.6064,87.2071,88.3763,90.3963,92.5708,PENDING,,,,,,,,,,git:12a7291b
2026-09-25,XLU,VIX-Regime,126,False,39.51,2027-03-20,39.6524,39.7195,43.059,44.6473,45.7453,PENDING,,,,,,,,,,git:12a7291b
2026-09-25,XLV,Credit-Regime,1,False,170.7,2026-09-26,169.9076,170.1131,171.0587,171.8026,172.775,RESOLVED,2026-09-28,171.26,0.328,0.21,0.118,0.327,True,True,True,git:12a7291b
2026-09-25,XLY,Climatology,252,False,110.56,2027-09-12,97.9991,114.4733,123.2243,129.9467,144.9895,PENDING,,,,,,,,,,git:12a7291b
2026-09-25,XOM,Credit-Regime,63,False,160.59,2026-12-22,147.1721,153.6253,170.1472,181.3839,185.8082,PENDING,,,,,,,,,,git:12a7291b
2026-09-28,AAPL,Credit-Regime,252,False,338.4,2027-09-15,365.2043,420.3405,446.1974,510.5298,563.2907,PENDING,,,,,,,,,,git:ab295245
2026-09-28,DIA,Climatology,126,False,514.02,2027-03-23,471.611,494.5899,539.9748,566.993,589.9794,PENDING,,,,,,,,,,git:ab295245
2026-09-28,EURUSD=X,Credit-Regime,189,False,1.1378,2027-06-19,1.0171,1.0558,1.0734,1.0877,1.1158,PENDING,,,,,,,,,,git:ab295245
2026-09-28,GLD,VIX-Regime,189,True,377.91,2027-06-19,400.9879,409.2899,468.0034,515.9867,545.6607,PENDING,,,,,,,,,,git:ab295245
2026-09-28,IWM,Climatology,21,False,280.02,2026-10-27,271.7921,279.9075,288.2598,300.0484,309.053,PENDING,,,,,,,,,,git:ab295245
2026-09-28,IYR,Climatology,189,False,96.16,2027-06-19,73.5783,91.6827,105.7248,111.3815,127.1098,PENDING,,,,,,,,,,git:ab295245
2026-09-28,JPM,Credit-Regime,252,True,336.59,2027-09-15,181.1126,218.4549,267.6268,359.0201,432.3966,PENDING,,,,,,,,,,git:ab295245
2026-09-28,MSFT,Climatology,189,False,509.22,2027-06-19,462.9081,503.8081,607.0915,666.7793,931.5693,PENDING,,,,,,,,,,git:ab295245
2026-09-28,QQQ,Climatology,21,False,736.53,2026-10-27,708.0827,742.1698,762.5839,777.2063,809.9837,PENDING,,,,,,,,,,git:ab295245
2026-09-28,SPY,Climatology,189,False,765.61,2027-06-19,632.9111,710.4259,861.6969,913.9681,949.4941,PENDING,,,,,,,,,,git:ab295245
2026-09-28,VOX,Climatology,252,False,190.43,2027-09-15,184.5607,187.9541,220.222,231.111,245.6528,PENDING,,,,,,,,,,git:ab295245
2026-09-28,VTI,Climatology,189,False,375.84,2027-06-19,311.0976,343.9349,410.3902,442.9252,471.8376,PENDING,,,,,,,,,,git:ab295245
2026-09-28,XLB,Climatology,126,False,49.47,2027-03-23,41.2204,46.3868,51.6672,54.0619,55.9499,PENDING,,,,,,,,,,git:ab295245
2026-09-28,XLE,Credit-Regime,252,False,62.1,2027-09-15,49.1823,50.9486,52.3254,61.6046,61.864,PENDING,,,,,,,,,,git:ab295245
2026-09-28,XLF,Climatology,189,False,54.19,2027-06-19,37.8574,49.3599,58.1699,64.3231,70.2415,PENDING,,,,,,,,,,git:ab295245
2026-09-28,XLI,Credit-Regime,5,False,168.78,2026-10-05,163.7486,165.1869,167.1131,169.5489,172.9106,RESOLVED,2026-10-05,170.1,0.782,-0.988,1.756,0.776,True,False,False,git:ab295245
2026-09-28,XLK,Climatology,189,False,194.53,2027-06-19,140.5114,177.2018,206.6958,229.8414,244.0359,PENDING,,,,,,,,,,git:ab295245
2026-09-28,XLP,Credit-Regime,252,False,82.28,2027-09-15,85.8977,85.9495,88.4078,90.6225,92.1071,PENDING,,,,,,,,,,git:ab295245
2026-09-28,XLU,VIX-Regime,126,False,39.25,2027-03-23,39.656,39.7619,42.1114,44.252,45.186,PENDING,,,,,,,,,,git:ab295245
2026-09-28,XLV,Credit-Regime,1,False,171.26,2026-09-29,170.1303,170.4973,171.6855,172.5656,173.4708,RESOLVED,2026-09-29,170.73,-0.309,0.248,0.56,0.31,True,True,False,git:ab295245
2026-09-28,XLY,Climatology,252,False,109.0,2027-09-15,99.0951,112.6354,120.1657,125.3386,136.698,PENDING,,,,,,,,,,git:ab295245
2026-09-28,XOM,Credit-Regime,63,False,162.52,2026-12-25,148.8404,155.1187,172.246,184.6515,187.2464,PENDING,,,,,,,,,,git:ab295245
2026-09-29,AAPL,Credit-Regime,252,False,329.4,2027-09-16,363.1696,393.9373,427.8435,503.2088,556.664,PENDING,,,,,,,,,,git:edf87259
2026-09-29,DIA,Climatology,126,False,512.88,2027-03-24,457.8054,505.1046,545.1844,562.3901,602.0826,PENDING,,,,,,,,,,git:edf87259
2026-09-29,EURUSD=X,Credit-Regime,189,False,1.1373,2027-06-20,1.0114,1.0392,1.0725,1.0953,1.1092,PENDING,,,,,,,,,,git:edf87259
2026-09-29,GLD,VIX-Regime,189,True,382.89,2027-06-20,422.1408,453.6977,469.8296,520.9563,531.0188,PENDING,,,,,,,,,,git:edf87259
2026-09-29,IWM,Climatology,21,False,279.01,2026-10-28,271.6545,279.02,288.7302,300.6206,305.1169,PENDING,,,,,,,,,,git:edf87259
2026-09-29,IYR,Climatology,189,False,96.12,2027-06-20,79.4286,94.2638,103.9556,108.173,114.5945,PENDING,,,,,,,,,,git:edf87259
2026-09-29,JPM,Credit-Regime,252,True,334.98,2027-09-16,178.5911,195.7755,350.2651,410.4782,433.91,PENDING,,,,,,,,,,git:edf87259
2026-09-29,MSFT,Climatology,189,False,508.96,2027-06-20,400.3298,475.7251,593.6985,668.0441,848.5419,PENDING,,,,,,,,,,git:edf87259
2026-09-29,QQQ,Climatology,21,False,737.93,2026-10-28,708.9725,738.6588,758.6498,779.9541,812.8386,PENDING,,,,,,,,,,git:edf87259
2026-09-29,SPY,Climatology,189,False,764.2,2027-06-20,617.3362,752.9112,849.9186,891.4794,918.3083,PENDING,,,,,,,,,,git:edf87259
2026-09-29,VOX,Climatology,252,False,191.38,2027-09-16,185.7288,193.1447,220.413,230.5803,254.0364,PENDING,,,,,,,,,,git:edf87259
2026-09-29,VTI,Climatology,189,False,375.26,2027-06-20,317.7139,365.0995,414.1048,428.9671,445.2012,PENDING,,,,,,,,,,git:edf87259
2026-09-29,XLB,Climatology,126,False,49.1,2027-03-24,38.5641,46.9876,51.2982,53.2939,60.3015,PENDING,,,,,,,,,,git:edf87259
2026-09-29,XLE,Credit-Regime,252,False,61.54,2027-09-16,48.6731,49.4897,50.7291,60.0548,60.4019,PENDING,,,,,,,,,,git:edf87259
2026-09-29,XLF,Climatology,189,False,54.01,2027-06-20,39.1072,52.1212,58.8838,64.3345,68.3696,PENDING,,,,,,,,,,git:edf87259
2026-09-29,XLI,Credit-Regime,5,False,169.13,2026-10-06,165.1281,166.0676,168.2361,169.9652,172.9737,RESOLVED,2026-10-06,171.58,1.449,-0.529,1.949,1.428,True,False,False,git:edf87259
2026-09-29,XLK,Climatology,189,False,194.5,2027-06-20,153.395,181.9295,213.1261,232.0532,239.5611,PENDING,,,,,,,,,,git:edf87259
2026-09-29,XLP,Credit-Regime,252,False,81.85,2027-09-16,85.1199,86.5714,89.2354,90.806,91.5741,PENDING,,,,,,,,,,git:edf87259
2026-09-29,XLU,VIX-Regime,126,False,39.71,2027-03-24,38.7745,40.3964,42.9227,44.5274,45.8491,PENDING,,,,,,,,,,git:edf87259
2026-09-29,XLV,Credit-Regime,1,False,170.73,2026-09-30,170.3426,170.8277,171.9168,172.2269,172.8264,RESOLVED,2026-09-30,168.42,-1.353,0.695,2.076,1.372,False,False,False,git:edf87259
2026-09-29,XLY,Climatology,252,False,109.15,2027-09-16,101.8683,114.0083,124.1976,128.5912,137.3424,PENDING,,,,,,,,,,git:edf87259
2026-09-29,XOM,Credit-Regime,63,False,161.35,2026-12-26,145.8838,153.5755,171.1234,181.4211,186.0219,PENDING,,,,,,,,,,git:edf87259
2026-09-30,AAPL,Credit-Regime,252,False,333.02,2027-09-17,387.3467,399.1541,446.5827,508.2051,544.0976,PENDING,,,,,,,,,,git:ad85f1ba
2026-09-30,DIA,Climatology,126,False,508.55,2027-03-25,449.1411,473.1532,535.3897,552.975,604.7013,PENDING,,,,,,,,,,git:ad85f1ba
2026-09-30,EURUSD=X,Credit-Regime,189,False,1.1341,2027-06-21,1.0234,1.0552,1.0755,1.0945,1.1116,PENDING,,,,,,,,,,git:ad85f1ba
2026-09-30,GLD,VIX-Regime,189,True,380.84,2027-06-21,414.9792,423.7371,445.7755,479.2328,517.9474,PENDING,,,,,,,,,,git:ad85f1ba
2026-09-30,IWM,Climatology,21,False,277.89,2026-10-29,268.4099,280.0403,287.2055,292.6782,305.9825,PENDING,,,,,,,,,,git:ad85f1ba
2026-09-30,IYR,Climatology,189,False,95.04,2027-06-21,86.1798,92.9042,102.2107,107.3816,111.7171,PENDING,,,,,,,,,,git:ad85f1ba
2026-09-30,JPM,Credit-Regime,252,True,330.83,2027-09-17,188.5055,209.3334,261.0268,417.3258,437.2478,PENDING,,,,,,,,,,git:ad85f1ba
2026-09-30,MSFT,Climatology,189,False,512.9,2027-06-21,450.115,496.0832,574.453,664.0938,712.8745,PENDING,,,,,,,,,,git:ad85f1ba
2026-09-30,QQQ,Climatology,21,False,739.77,2026-10-29,715.3275,740.9616,761.779,785.3612,831.487,PENDING,,,,,,,,,,git:ad85f1ba
2026-09-30,SPY,Climatology,189,False,762.63,2027-06-21,678.2745,802.3014,832.1536,890.5951,912.5973,PENDING,,,,,,,,,,git:ad85f1ba
2026-09-30,VOX,Climatology,252,False,190.59,2027-09-17,151.5001,191.7456,210.1149,222.9059,250.6955,PENDING,,,,,,,,,,git:ad85f1ba
2026-09-30,VTI,Climatology,189,False,374.24,2027-06-21,333.6223,382.8197,405.6505,435.1625,449.75,PENDING,,,,,,,,,,git:ad85f1ba
2026-09-30,XLB,Climatology,126,False,48.7,2027-03-25,39.1826,46.2788,50.9721,52.6765,61.6815,PENDING,,,,,,,,,,git:ad85f1ba
2026-09-30,XLE,Credit-Regime,252,False,61.5,2027-09-17,49.4102,49.4438,52.1305,62.6482,63.7541,PENDING,,,,,,,,,,git:ad85f1ba
2026-09-30,XLF,Climatology,189,False,53.4,2027-06-21,45.689,50.3111,57.5799,62.3076,68.4164,PENDING,,,,,,,,,,git:ad85f1ba
2026-09-30,XLI,Credit-Regime,5,False,166.98,2026-10-07,162.7869,163.4325,165.6348,167.3743,169.6718,RESOLVED,2026-10-07,167.84,0.515,-0.806,1.314,0.512,True,False,False,git:ad85f1ba
2026-09-30,XLK,Climatology,189,False,195.75,2027-06-21,175.0829,187.8905,213.5403,234.1776,241.3592,PENDING,,,,,,,,,,git:ad85f1ba
2026-09-30,XLP,Credit-Regime,252,False,80.6,2027-09-17,84.322,85.2431,87.5221,89.0125,89.7399,PENDING,,,,,,,,,,git:ad85f1ba
2026-09-30,XLU,VIX-Regime,126,False,39.44,2027-03-25,39.048,40.2873,42.5508,44.7143,45.465,PENDING,,,,,,,,,,git:ad85f1ba
2026-09-30,XLV,Credit-Regime,1,False,168.42,2026-10-01,166.3854,167.6199,168.4247,169.5238,170.5507,RESOLVED,2026-10-01,166.2,-1.318,0.003,1.339,1.336,False,False,False,git:ad85f1ba
2026-09-30,XLY,Climatology,252,False,108.84,2027-09-17,99.3712,111.5794,122.9948,129.011,137.4535,PENDING,,,,,,,,,,git:ad85f1ba
2026-09-30,XOM,Credit-Regime,63,False,162.75,2026-12-27,146.1263,157.8778,176.7762,185.4684,187.3482,PENDING,,,,,,,,,,git:ad85f1ba
2026-10-01,AAPL,Credit-Regime,252,False,330.32,2027-09-18,373.6989,428.0261,446.4439,516.9137,558.2262,PENDING,,,,,,,,,,git:d489a67c
2026-10-01,DIA,Climatology,126,False,508.62,2027-03-26,462.6293,503.1267,539.6361,564.0186,589.0815,PENDING,,,,,,,,,,git:d489a67c
2026-10-01,EURUSD=X,Credit-Regime,189,False,1.1327,2027-06-22,1.0228,1.0447,1.0627,1.1016,1.1169,PENDING,,,,,,,,,,git:d489a67c
2026-10-01,GLD,VIX-Regime,189,True,382.76,2027-06-22,435.4205,446.6432,473.9437,514.9307,535.2177,PENDING,,,,,,,,,,git:d489a67c
2026-10-01,IWM,Climatology,21,False,279.02,2026-10-30,262.8018,280.6533,288.7318,299.5516,307.0212,PENDING,,,,,,,,,,git:d489a67c
2026-10-01,IYR,Climatology,189,False,94.47,2027-06-22,87.1553,98.3567,102.0633,109.1953,115.658,PENDING,,,,,,,,,,git:d489a67c
2026-10-01,JPM,Credit-Regime,252,True,333.18,2027-09-18,177.9499,203.4661,253.2851,351.7753,433.7843,PENDING,,,,,,,,,,git:d489a67c
2026-10-01,MSFT,Climatology,189,False,512.8,2027-06-22,474.1209,512.2282,599.8336,647.2027,687.3688,PENDING,,,,,,,,,,git:d489a67c
2026-10-01,QQQ,Climatology,21,False,742.03,2026-10-30,675.8945,752.183,764.308,792.3081,836.3851,PENDING,,,,,,,,,,git:d489a67c
2026-10-01,SPY,Climatology,189,False,763.99,2027-06-22,725.5826,804.8974,839.7218,900.2615,920.628,PENDING,,,,,,,,,,git:d489a67c
2026-10-01,VOX,Climatology,252,False,188.93,2027-09-18,180.7818,192.1615,213.4347,228.7945,254.7861,PENDING,,,,,,,,,,git:d489a67c
2026-10-01,VTI,Climatology,189,False,375.18,2027-06-22,360.0018,390.4253,409.1292,451.3212,468.951,PENDING,,,,,,,,,,git:d489a67c
2026-10-01,XLB,Climatology,126,False,48.54,2027-03-26,44.1063,49.1797,50.6561,53.033,58.5237,PENDING,,,,,,,,,,git:d489a67c
2026-10-01,XLE,Credit-Regime,252,False,62.7,2027-09-18,50.9951,51.4504,53.3478,62.3207,62.9832,PENDING,,,,,,,,,,git:d489a67c
2026-10-01,XLF,Climatology,189,False,53.46,2027-06-22,49.7193,52.4099,59.3845,64.8171,70.0852,PENDING,,,,,,,,,,git:d489a67c
2026-10-01,XLI,Credit-Regime,5,False,168.64,2026-10-08,164.4399,166.1017,167.4486,169.5466,171.9371,PENDING,,,,,,,,,,git:d489a67c
2026-10-01,XLK,Climatology,189,False,197.81,2027-06-22,177.4973,206.0281,228.6092,242.8505,253.3764,PENDING,,,,,,,,,,git:d489a67c
2026-10-01,XLP,Credit-Regime,252,False,80.33,2027-09-18,84.9308,85.8207,86.243,89.2755,89.5636,PENDING,,,,,,,,,,git:d489a67c
2026-10-01,XLU,VIX-Regime,126,False,39.68,2027-03-26,41.2597,42.0589,43.3868,44.9151,45.6979,PENDING,,,,,,,,,,git:d489a67c
2026-10-01,XLV,Credit-Regime,1,False,166.2,2026-10-02,164.5075,164.9673,166.2559,167.0766,168.3854,RESOLVED,2026-10-02,166.18,-0.012,0.034,0.046,0.012,True,True,False,git:d489a67c
2026-10-01,XLY,Climatology,252,False,108.81,2027-09-18,100.5652,115.0832,122.391,131.9249,138.1875,PENDING,,,,,,,,,,git:d489a67c
2026-10-01,XOM,Credit-Regime,63,False,163.82,2026-12-28,146.9576,156.757,177.4021,189.7468,191.1255,PENDING,,,,,,,,,,git:d489a67c
2026-10-02,AAPL,Credit-Regime,252,False,333.69,2027-09-19,360.888,394.111,432.0105,505.7334,560.4447,PENDING,,,,,,,,,,git:7083365b
2026-10-02,DIA,Climatology,126,False,511.1,2027-03-27,460.5649,506.2947,543.7069,573.6695,586.9884,PENDING,,,,,,,,,,git:7083365b
2026-10-02,EURUSD=X,Credit-Regime,189,False,1.1257,2027-06-23,1.0248,1.0448,1.0653,1.0796,1.1267,PENDING,,,,,,,,,,git:7083365b
2026-10-02,GLD,VIX-Regime,189,True,380.14,2027-06-23,448.4838,451.6543,461.5869,516.1798,547.8244,PENDING,,,,,,,,,,git:7083365b
2026-10-02,IWM,Climatology,21,False,281.52,2026-10-31,261.2472,280.6921,289.0161,299.0362,308.1862,PENDING,,,,,,,,,,git:7083365b
2026-10-02,IYR,Climatology,189,False,94.77,2027-06-23,88.043,95.8331,103.5972,111.4745,123.0305,PENDING,,,,,,,,,,git:7083365b
2026-10-02,JPM,Credit-Regime,252,True,332.38,2027-09-19,180.2497,216.7532,279.9177,414.4993,425.5701,PENDING,,,,,,,,,,git:7083365b
2026-10-02,MSFT,Climatology,189,False,517.53,2027-06-23,398.1825,531.3669,606.933,667.1695,775.2387,PENDING,,,,,,,,,,git:7083365b
2026-10-02,QQQ,Climatology,21,False,749.58,2026-10-31,692.1578,745.9789,768.2184,792.1723,833.0688,PENDING,,,,,,,,,,git:7083365b
2026-10-02,SPY,Climatology,189,False,769.64,2027-06-23,763.6289,828.4493,857.2665,903.3892,956.6701,PENDING,,,,,,,,,,git:7083365b
2026-10-02,VOX,Climatology,252,False,190.18,2027-09-19,180.0437,191.678,214.2524,231.9993,245.4201,PENDING,,,,,,,,,,git:7083365b
2026-10-02,VTI,Climatology,189,False,377.99,2027-06-23,376.5732,398.8588,418.4386,441.2071,471.9402,PENDING,,,,,,,,,,git:7083365b
2026-10-02,XLB,Climatology,126,False,48.86,2027-03-27,40.5726,47.5896,51.1348,53.7262,58.7391,PENDING,,,,,,,,,,git:7083365b
2026-10-02,XLE,Credit-Regime,252,False,62.82,2027-09-19,50.1992,50.395,51.6062,59.7375,63.0575,PENDING,,,,,,,,,,git:7083365b
2026-10-02,XLF,Climatology,189,False,53.49,2027-06-23,50.3902,53.835,58.2048,63.2368,69.5687,PENDING,,,,,,,,,,git:7083365b
2026-10-02,XLI,Credit-Regime,5,False,169.95,2026-10-09,165.4087,167.3035,169.0238,170.2442,172.7341,PENDING,,,,,,,,,,git:7083365b
2026-10-02,XLK,Climatology,189,False,199.81,2027-06-23,179.038,217.0448,228.1086,242.9157,251.7285,PENDING,,,,,,,,,,git:7083365b
2026-10-02,XLP,Credit-Regime,252,False,80.53,2027-09-19,84.2867,85.322,86.4039,88.6056,89.5444,PENDING,,,,,,,,,,git:7083365b
2026-10-02,XLU,VIX-Regime,126,False,39.83,2027-03-27,39.7623,42.1069,43.5164,44.7934,46.0776,PENDING,,,,,,,,,,git:7083365b
2026-10-02,XLV,Credit-Regime,1,False,166.18,2026-10-03,163.7611,165.339,166.166,166.8736,168.1767,RESOLVED,2026-10-05,167.37,0.716,-0.008,0.719,0.711,True,False,False,git:7083365b
2026-10-02,XLY,Climatology,252,False,110.04,2027-09-19,102.4129,115.8988,123.156,131.9013,139.9978,PENDING,,,,,,,,,,git:7083365b
2026-10-02,XOM,Credit-Regime,63,False,164.01,2026-12-29,149.5017,158.2349,179.7905,189.2432,191.9444,PENDING,,,,,,,,,,git:7083365b
2026-10-05,AAPL,Credit-Regime,252,False,332.89,2027-09-22,352.4583,425.1537,426.2799,511.2759,562.6051,PENDING,,,,,,,,,,git:badf067f
2026-10-05,DIA,Climatology,126,False,512.11,2027-03-30,462.1687,497.395,527.4222,547.0211,587.1838,PENDING,,,,,,,,,,git:badf067f
2026-10-05,EURUSD=X,Credit-Regime,189,False,1.1255,2027-06-26,1.0132,1.0396,1.0735,1.1049,1.105,PENDING,,,,,,,,,,git:badf067f
2026-10-05,GLD,VIX-Regime,189,True,379.55,2027-06-26,399.5462,421.1151,450.7765,516.5959,550.7821,PENDING,,,,,,,,,,git:badf067f
2026-10-05,IWM,Climatology,21,False,283.38,2026-11-03,261.4811,283.3961,290.4823,299.6378,311.0553,PENDING,,,,,,,,,,git:badf067f
2026-10-05,IYR,Climatology,189,False,94.36,2027-06-26,82.8778,91.6038,104.3924,108.575,118.9724,PENDING,,,,,,,,,,git:badf067f
2026-10-05,JPM,Credit-Regime,252,True,332.38,2027-09-22,176.5406,210.2262,264.3514,354.0713,423.8277,PENDING,,,,,,,,,,git:badf067f
2026-10-05,MSFT,Climatology,189,False,525.18,2027-06-26,414.1075,512.1745,627.5367,681.5533,943.7139,PENDING,,,,,,,,,,git:badf067f
2026-10-05,QQQ,Climatology,21,False,756.2,2026-11-03,720.687,745.2111,773.1076,802.7529,835.5685,PENDING,,,,,,,,,,git:badf067f
2026-10-05,SPY,Climatology,189,False,774.83,2027-06-26,701.1209,748.9093,841.6985,933.7154,963.6847,PENDING,,,,,,,,,,git:badf067f
2026-10-05,VOX,Climatology,252,False,192.67,2027-09-22,182.606,193.8681,225.5656,242.4581,261.1205,PENDING,,,,,,,,,,git:badf067f
2026-10-05,VTI,Climatology,189,False,380.6,2027-06-26,343.0932,363.718,403.0147,448.0935,473.6797,PENDING,,,,,,,,,,git:badf067f
2026-10-05,XLB,Climatology,126,False,49.5,2027-03-30,38.3991,46.6878,49.5101,52.217,57.8698,PENDING,,,,,,,,,,git:badf067f
2026-10-05,XLE,Credit-Regime,252,False,63.45,2027-09-22,50.4171,50.5376,51.1208,60.6833,63.6481,PENDING,,,,,,,,,,git:badf067f
2026-10-05,XLF,Climatology,189,False,53.88,2027-06-26,42.9863,49.8117,58.8263,64.5926,70.726,PENDING,,,,,,,,,,git:badf067f
2026-10-05,XLI,Credit-Regime,5,False,170.1,2026-10-12,166.2264,167.6587,169.4319,171.2142,173.1895,PENDING,,,,,,,,,,git:badf067f
2026-10-05,XLK,Climatology,189,False,200.93,2027-06-26,152.5427,189.2647,214.9148,235.0458,252.1246,PENDING,,,,,,,,,,git:badf067f
2026-10-05,XLP,Credit-Regime,252,False,81.04,2027-09-22,85.3697,86.3467,86.4902,88.6077,90.8875,PENDING,,,,,,,,,,git:badf067f
2026-10-05,XLU,VIX-Regime,126,False,39.97,2027-03-30,40.5581,41.5986,44.0407,45.1263,46.3717,PENDING,,,,,,,,,,git:badf067f
2026-10-05,XLV,Credit-Regime,1,False,167.37,2026-10-06,165.4568,166.4783,167.4192,168.2142,169.3659,RESOLVED,2026-10-06,167.09,-0.167,0.029,0.197,0.168,True,True,False,git:badf067f
2026-10-05,XLY,Climatology,252,False,110.42,2027-09-22,101.6898,110.8856,120.4453,129.3113,141.1795,PENDING,,,,,,,,,,git:badf067f
2026-10-05,XOM,Credit-Regime,63,False,164.0,2027-01-01,148.7423,160.2972,179.412,190.1421,190.2997,PENDING,,,,,,,,,,git:badf067f
2026-10-06,AAPL,Credit-Regime,252,False,333.63,2027-09-23,364.2914,427.294,443.9478,509.7343,563.4383,PENDING,,,,,,,,,,git:43c68da7
2026-10-06,DIA,Climatology,126,False,514.56,2027-03-31,471.7352,504.1266,539.2935,564.4707,611.6887,PENDING,,,,,,,,,,git:43c68da7
2026-10-06,EURUSD=X,Credit-Regime,189,False,1.1217,2027-06-27,1.0085,1.0524,1.0765,1.1109,1.1162,PENDING,,,,,,,,,,git:43c68da7
2026-10-06,GLD,VIX-Regime,189,True,382.27,2027-06-27,415.3249,452.1416,456.0572,484.7332,522.8824,PENDING,,,,,,,,,,git:43c68da7
2026-10-06,IWM,Climatology,21,False,281.34,2026-11-04,273.3941,283.5827,287.5337,297.0394,313.5763,PENDING,,,,,,,,,,git:43c68da7
2026-10-06,IYR,Climatology,189,False,95.26,2027-06-27,81.3755,90.8546,102.524,107.2866,113.8664,PENDING,,,,,,,,,,git:43c68da7
2026-10-06,JPM,Credit-Regime,252,True,331.28,2027-09-23,176.3111,205.1907,259.9695,378.4323,426.0003,PENDING,,,,,,,,,,git:43c68da7
2026-10-06,MSFT,Climatology,189,False,529.3,2027-06-27,406.087,499.8779,626.0209,727.2463,854.7102,PENDING,,,,,,,,,,git:43c68da7
2026-10-06,QQQ,Climatology,21,False,759.66,2026-11-04,747.4843,762.1104,781.2501,808.6929,814.1119,PENDING,,,,,,,,,,git:43c68da7
2026-10-06,SPY,Climatology,189,False,779.09,2027-06-27,688.0414,784.143,853.5458,909.7775,941.0513,PENDING,,,,,,,,,,git:43c68da7
2026-10-06,VOX,Climatology,252,False,193.03,2027-09-23,186.302,196.3906,223.4563,245.3094,254.6365,PENDING,,,,,,,,,,git:43c68da7
2026-10-06,VTI,Climatology,189,False,382.54,2027-06-27,336.3336,378.2464,412.9209,448.8382,460.7193,PENDING,,,,,,,,,,git:43c68da7
2026-10-06,XLB,Climatology,126,False,49.73,2027-03-31,39.549,44.919,50.2958,53.6019,61.5394,PENDING,,,,,,,,,,git:43c68da7
2026-10-06,XLE,Credit-Regime,252,False,63.75,2027-09-23,51.6936,51.7734,51.8649,61.8105,62.4887,PENDING,,,,,,,,,,git:43c68da7
2026-10-06,XLF,Climatology,189,False,54.01,2027-06-27,41.9528,52.0051,58.2432,62.6814,69.6445,PENDING,,,,,,,,,,git:43c68da7
2026-10-06,XLI,Credit-Regime,5,False,171.58,2026-10-13,167.7693,168.8544,171.432,173.3252,175.9648,PENDING,,,,,,,,,,git:43c68da7
2026-10-06,XLK,Climatology,189,False,202.0,2027-06-27,155.2093,187.2788,220.722,240.3394,248.5648,PENDING,,,,,,,,,,git:43c68da7
2026-10-06,XLP,Credit-Regime,252,False,81.8,2027-09-23,86.0803,86.2203,88.4287,91.1793,91.6737,PENDING,,,,,,,,,,git:43c68da7
2026-10-06,XLU,VIX-Regime,126,False,41.16,2027-03-31,40.821,42.839,44.9544,46.584,47.4987,PENDING,,,,,,,,,,git:43c68da7
2026-10-06,XLV,Credit-Regime,1,False,167.09,2026-10-07,165.1443,166.1593,166.9519,167.6002,168.9032,RESOLVED,2026-10-07,168.81,1.029,-0.083,1.101,1.019,True,False,False,git:43c68da7
2026-10-06,XLY,Climatology,252,False,111.72,2027-09-23,108.3301,118.6715,122.4622,134.6452,138.6704,PENDING,,,,,,,,,,git:43c68da7
2026-10-06,XOM,Credit-Regime,63,False,164.48,2027-01-02,151.4868,157.5211,184.4552,190.1798,190.3419,PENDING,,,,,,,,,,git:43c68da7
2026-10-07,AAPL,Credit-Regime,252,False,336.67,2027-09-24,379.6084,397.0296,453.594,521.0793,576.018,PENDING,,,,,,,,,,live
2026-10-07,DIA,Climatology,126,False,511.02,2027-04-01,437.2469,475.7125,527.6063,551.6078,595.1374,PENDING,,,,,,,,,,live
2026-10-07,EURUSD=X,Credit-Regime,189,False,1.1254,2027-06-28,1.0175,1.0782,1.0804,1.1128,1.1213,PENDING,,,,,,,,,,live
2026-10-07,GLD,VIX-Regime,189,True,375.88,2027-06-28,425.7372,448.7101,467.1816,523.3147,538.3325,PENDING,,,,,,,,,,live
2026-10-07,IWM,Climatology,21,False,277.7,2026-11-05,263.1324,273.2851,282.2453,288.1046,297.2277,PENDING,,,,,,,,,,live
2026-10-07,IYR,Climatology,189,False,93.89,2027-06-28,84.4759,92.0541,101.3677,105.1022,113.5614,PENDING,,,,,,,,,,live
2026-10-07,JPM,Credit-Regime,252,True,329.58,2027-09-24,175.8876,194.5072,345.7731,382.9545,412.5427,PENDING,,,,,,,,,,live
2026-10-07,MSFT,Climatology,189,False,529.76,2027-06-28,440.4325,512.5649,626.644,681.6055,774.3775,PENDING,,,,,,,,,,live
2026-10-07,QQQ,Climatology,21,False,757.73,2026-11-05,737.1852,752.9482,760.6952,788.8852,818.6891,PENDING,,,,,,,,,,live
2026-10-07,SPY,Climatology,189,False,777.22,2027-06-28,696.0683,807.4022,852.2111,901.4674,933.5445,PENDING,,,,,,,,,,live
2026-10-07,VOX,Climatology,252,False,192.2,2027-09-24,144.1666,191.9077,206.151,226.3231,248.1427,PENDING,,,,,,,,,,live
2026-10-07,VTI,Climatology,189,False,381.03,2027-06-28,337.8268,396.5342,410.3508,448.841,457.5337,PENDING,,,,,,,,,,live
2026-10-07,XLB,Climatology,126,False,48.98,2027-04-01,38.9143,43.7343,50.9956,52.2981,59.0477,PENDING,,,,,,,,,,live
2026-10-07,XLE,Credit-Regime,252,False,63.36,2027-09-24,50.8345,51.1357,51.536,61.3839,63.3093,PENDING,,,,,,,,,,live
2026-10-07,XLF,Climatology,189,False,53.75,2027-06-28,44.8254,53.3715,58.3317,61.649,68.6063,PENDING,,,,,,,,,,live
2026-10-07,XLI,Credit-Regime,5,False,167.84,2026-10-14,164.2989,166.3703,167.5932,169.0866,170.7027,PENDING,,,,,,,,,,live
2026-10-07,XLK,Climatology,189,False,201.39,2027-06-28,174.0966,192.1345,222.5435,243.0697,247.9975,PENDING,,,,,,,,,,live
2026-10-07,XLP,Credit-Regime,252,False,81.7,2027-09-24,86.5291,86.9156,88.2937,89.2626,92.144,PENDING,,,,,,,,,,live
2026-10-07,XLU,VIX-Regime,126,False,41.15,2027-04-01,41.3017,42.5414,44.9568,46.2793,47.3683,PENDING,,,,,,,,,,live
2026-10-07,XLV,Credit-Regime,1,False,168.81,2026-10-08,166.9381,167.942,168.849,169.6412,170.9031,PENDING,,,,,,,,,,live
2026-10-07,XLY,Climatology,252,False,111.36,2027-09-24,100.0944,114.4066,120.6184,134.221,141.1816,PENDING,,,,,,,,,,live
2026-10-07,XOM,Credit-Regime,63,False,164.05,2027-01-03,145.888,159.6952,184.3734,189.7423,192.0617,PENDING,,,,,,,,,,live
